<COLLADA xmlns="http://www.collada.org/2005/11/COLLADASchema" version="1.4.1">
  <asset>
    <created>2026-08-10T22:28:45.524041</created>
    <modified>2026-08-10T22:28:45.524041</modified>
    <up_axis>Y_UP</up_axis>
  </asset>
  <library_effects>
    <effect id="14d769337eb1489d9fb6b033e8625e4b" name="14d769337eb1489d9fb6b033e8625e4b">
      <profile_COMMON>
        <technique sid="common">
          <phong>
            <emission>
              <color>0.0 0.0 0.0 1.0</color>
            </emission>
            <ambient>
              <color>0.0 0.0 0.0 1.0</color>
            </ambient>
            <diffuse>
              <color>0.792156862745098 0.8196078431372549 0.9333333333333333 1.0</color>
            </diffuse>
            <specular>
              <color>0.0 0.0 0.0 1.0</color>
            </specular>
            <shininess>
              <float>0.0</float>
            </shininess>
            <reflective>
              <color>0.0 0.0 0.0 1.0</color>
            </reflective>
            <reflectivity>
              <float>0.0</float>
            </reflectivity>
            <transparent>
              <color>0.0 0.0 0.0 1.0</color>
            </transparent>
            <transparency>
              <float>1.0</float>
            </transparency>
          </phong>
        </technique>
        <extra>
          <technique profile="GOOGLEEARTH">
            <double_sided>0</double_sided>
          </technique>
        </extra>
      </profile_COMMON>
    </effect>
  </library_effects>
  <library_geometries>
    <geometry id="a448ea525ea246598abe2c766465536e" name="a56ec63dc9cd472289267b3e6389f504">
      <mesh>
        <source id="verts-array">
          <float_array count="8433" id="verts-array-array">-0.01880005 0.008025818 0.0029181 -0.01871827 0.008647018 0.0029181 -0.01880005 0.01042582 0.0029181 -0.01847851 0.009225818 0.0029181 -0.01809711 0.009722918 0.0029181 -0.01760005 0.01010432 0.0029181 -0.01702122 0.01034402 0.0029181 -0.01640005 0.01042582 0.0029181 0.01827635 0.009522218 0.0029181 0.01856225 0.009067118 0.0029181 0.01879995 0.01042582 0.0029181 0.01873975 0.008559818 0.0029181 0.01879995 0.008025818 0.0029181 0.01639995 0.01042582 0.0029181 0.01693405 0.01036562 0.0029181 0.01744125 0.01018812 0.0029181 0.01789635 0.009902218 0.0029181 -0.01720005 -0.02150625 0.0018948 -0.01880005 -0.02150625 0.0018948 -0.01720005 -0.007546082 -0.00389357 -0.01880005 0.008825818 -0.01068187 -0.01720005 0.008825818 -0.01068187 -0.01720005 -0.02397418 0.00558977 -0.01720005 -0.02397418 0.0117181 -0.01880005 -0.02397418 0.00558977 -0.01880005 -0.02397418 0.0117181 -0.01720005 0.008025818 0.0157181 -0.01880005 0.008025818 0.0157181 -0.01720005 -0.002779082 0.0157181 -0.01880005 -0.01997418 0.0157181 -0.01720005 -0.01997418 0.0157181 -0.01720005 -0.002015482 0.01323446 -0.01720005 0.008025818 0.0157181 -0.01720005 -0.002561882 0.01513101 -0.01720005 -0.002779082 0.0157181 -0.01720005 0.008025818 0.0029181 -0.01720005 -0.002015482 0.00540173 -0.01720005 -0.002561882 0.00350518 -0.01720005 -0.003317182 0.00168174 -0.01720005 -0.004271882 -4.567034e-05 -0.01720005 -0.005413982 -0.00165537 -0.01720005 -0.001684882 0.01128867 -0.01720005 -0.001574182 0.0093181 -0.01720005 -0.001684882 0.00734752 -0.01720005 0.008825818 -0.01068187 -0.01720005 0.008825818 0.0029181 -0.01720005 -0.007546082 -0.00389357 -0.01720005 -0.006729082 -0.00312697 -0.01880005 0.01042582 0.0029181 -0.01880005 0.01042582 -0.01068187 -0.01880005 0.008025818 0.0029181 -0.01880005 0.008825818 -0.01068187 -0.01880005 0.008025818 0.0157181 -0.01880005 -0.01997418 0.0157181 -0.01880005 -0.02397418 0.00558977 -0.01880005 -0.02150625 0.0018948 -0.01880005 -0.02232626 0.00235438 -0.01880005 -0.02301637 0.00299264 -0.01880005 -0.02397418 0.0117181 -0.01880005 -0.02383789 0.01275337 -0.01880005 -0.02100946 0.0155818 -0.01880005 -0.02353847 0.00377432 -0.01880005 -0.02386373 0.00465627 -0.01880005 -0.02343829 0.0137181 -0.01880005 -0.02280261 0.01454652 -0.01880005 -0.02197419 0.0151822 0.01719995 0.008825818 -0.01068187 0.01879995 0.008825818 -0.01068187 0.01719995 -0.007546082 -0.00389357 0.01879995 -0.02150625 0.0018948 0.01719995 -0.02150625 0.0018948 0.01719995 -0.01997418 0.0157181 0.01879995 -0.01997418 0.0157181 0.01719995 -0.002779082 0.0157181 0.01879995 0.008025818 0.0157181 0.01719995 0.008025818 0.0157181 0.01879995 -0.02397418 0.00558977 0.01879995 -0.02397418 0.0117181 0.01719995 -0.02397418 0.00558977 0.01719995 -0.02397418 0.0117181 0.01719995 0.008825818 0.0029181 0.01719995 0.008825818 -0.01068187 0.01719995 0.008025818 0.0029181 0.01719995 -0.007546082 -0.00389357 0.01719995 -0.006729082 -0.00312697 0.01719995 -0.005413982 -0.00165537 0.01719995 -0.004271882 -4.567034e-05 0.01719995 -0.003317182 0.00168174 0.01719995 -0.002561882 0.00350518 0.01719995 -0.002015482 0.00540173 0.01719995 -0.002779082 0.0157181 0.01719995 0.008025818 0.0157181 0.01719995 -0.002561882 0.01513101 0.01719995 -0.002015482 0.01323446 0.01719995 -0.001684882 0.00734752 0.01719995 -0.001574182 0.0093181 0.01719995 -0.001684882 0.01128867 0.01879995 0.01042582 0.0029181 0.01879995 0.008025818 0.0029181 0.01879995 0.01042582 -0.01068187 0.01879995 0.008825818 -0.01068187 0.01879995 -0.02397418 0.00558977 0.01879995 -0.02397418 0.0117181 0.01879995 0.008025818 0.0157181 0.01879995 -0.02301637 0.00299264 0.01879995 -0.02232626 0.00235438 0.01879995 -0.02150625 0.0018948 0.01879995 -0.02386373 0.00465627 0.01879995 -0.02353847 0.00377432 0.01879995 -0.01997418 0.0157181 0.01879995 -0.02100946 0.0155818 0.01879995 -0.02197419 0.0151822 0.01879995 -0.02280261 0.01454652 0.01879995 -0.02343829 0.0137181 0.01879995 -0.02383789 0.01275337 0.01639995 0.01042582 0.0029181 0.01639995 0.01042582 0.0157181 0.01693405 0.01036562 0.0157181 0.01693405 0.01036562 0.0029181 0.01744125 0.01018812 0.0157181 0.01744125 0.01018812 0.0029181 0.01789635 0.009902218 0.0157181 0.01789635 0.009902218 0.0029181 0.01827635 0.009522218 0.0157181 0.01827635 0.009522218 0.0029181 0.01856225 0.009067118 0.0157181 0.01856225 0.009067118 0.0029181 0.01873975 0.008559818 0.0157181 0.01873975 0.008559818 0.0029181 0.01717985 0.008203818 0.0029181 0.01717985 0.008203818 0.0157181 0.01712075 0.008372918 0.0029181 0.01712075 0.008372918 0.0157181 0.01702545 0.008524618 0.0029181 0.01702545 0.008524618 0.0157181 0.01689875 0.008651318 0.0029181 0.01689875 0.008651318 0.0157181 0.01674705 0.008746618 0.0029181 0.01674705 0.008746618 0.0157181 0.01657795 0.008805718 0.0029181 0.01657795 0.008805718 0.0157181 0.01639995 0.008825818 0.0029181 0.01639995 0.008825818 0.0157181 0.01719995 0.008825818 0.0029181 0.01719995 0.008025818 0.0029181 0.01717985 0.008203818 0.0029181 0.01712075 0.008372918 0.0029181 0.01702545 0.008524618 0.0029181 0.01689875 0.008651318 0.0029181 0.01674705 0.008746618 0.0029181 0.01657795 0.008805718 0.0029181 0.01639995 0.008825818 0.0029181 0.01717985 0.008203818 0.0157181 0.01873975 0.008559818 0.0157181 0.01712075 0.008372918 0.0157181 0.01856225 0.009067118 0.0157181 0.01702545 0.008524618 0.0157181 0.01827635 0.009522218 0.0157181 0.01689875 0.008651318 0.0157181 0.01789635 0.009902218 0.0157181 0.01674705 0.008746618 0.0157181 0.01744125 0.01018812 0.0157181 0.01657795 0.008805718 0.0157181 0.01693405 0.01036562 0.0157181 0.01639995 0.008825818 0.0157181 0.01639995 0.01042582 0.0157181 0.02071765 0.02082582 -0.04128187 0.02107725 0.02082582 -0.04041367 0.02479995 0.02082582 -0.04268187 0.02119995 0.02082582 -0.03948187 0.01939995 0.02082582 0.02123583 0.01853165 0.02082582 0.02159543 0.02079995 0.02082582 0.02531813 0.01759995 0.02082582 0.02171813 0.01666825 0.02082582 0.02159543 -0.02080005 0.02082582 0.02531813 0.01579995 0.02082582 0.02123583 0.01505435 0.02082582 0.02066368 0.01448225 0.02082582 0.0199181 0.01412265 0.02082582 0.01904984 -0.01940005 0.02082582 -0.04259957 -0.0185318 0.02082582 -0.04295927 -0.02080005 0.02082582 -0.04668187 -0.01760005 0.02082582 -0.04308187 0.01666825 0.02082582 -0.03600457 0.01399995 0.02082582 0.0181181 0.01759995 0.02082582 -0.03588187 0.01412265 0.02082582 0.01718635 0.01853165 0.02082582 -0.03600457 0.01939995 0.02082582 -0.03636417 0.01448225 0.02082582 0.0163181 -0.0166683 0.02082582 -0.04295927 0.01505435 0.02082582 -0.03693627 0.01448225 0.02082582 -0.03768187 -0.02183533 0.02082582 -0.04654557 -0.02280005 0.02082582 -0.04614597 -0.02014563 0.02082582 -0.04202747 0.01448225 0.02082582 -0.04128187 0.01412265 0.02082582 -0.04041367 0.01399995 0.02082582 -0.03948187 0.01412265 0.02082582 -0.03855017 0.02466365 0.02082582 -0.04371717 0.02426405 0.02082582 -0.04468187 0.02014555 0.02082582 -0.04202747 0.02107725 0.02082582 0.01718635 0.02479995 0.02082582 0.02131813 0.02071765 0.02082582 0.0163181 0.02014555 0.02082582 0.01557251 0.01939995 0.02082582 0.0150004 -0.02071774 0.02082582 0.0163181 -0.02014563 0.02082582 0.01557251 -0.01580005 0.02082582 -0.04259957 -0.01505447 0.02082582 -0.04202747 -0.01448236 0.02082582 -0.04128187 0.01666825 0.02082582 -0.04295927 0.02079995 0.02082582 -0.04668187 0.01579995 0.02082582 -0.04259957 0.01505435 0.02082582 -0.04202747 0.01759995 0.02082582 -0.04308187 0.01853165 0.02082582 -0.04295927 0.02183525 0.02082582 -0.04654557 0.01939995 0.02082582 -0.04259957 0.02279995 0.02082582 -0.04614597 0.02362835 0.02082582 -0.04551037 0.01505435 0.02082582 0.01557251 0.01579995 0.02082582 0.0150004 0.01666825 0.02082582 0.01464076 0.01759995 0.02082582 0.0145181 0.01853165 0.02082582 0.01464076 -0.02107738 0.02082582 -0.03855017 -0.02480005 0.02082582 -0.04268187 -0.02071774 0.02082582 -0.03768187 -0.02480005 0.02082582 0.02131813 -0.02014563 0.02082582 -0.03693627 -0.02120005 0.02082582 -0.03948187 -0.02107738 0.02082582 -0.04041367 -0.02466375 0.02082582 -0.04371717 -0.02071774 0.02082582 -0.04128187 -0.02426415 0.02082582 -0.04468187 -0.02362848 0.02082582 -0.04551037 0.02107725 0.02082582 -0.03855017 0.02071765 0.02082582 -0.03768187 0.02014555 0.02082582 -0.03693627 0.02183525 0.02082582 0.02518183 0.02279995 0.02082582 0.02478223 0.02014555 0.02082582 0.02066368 -0.01412272 0.02082582 -0.03855017 -0.01448236 0.02082582 -0.03768187 -0.01505447 0.02082582 -0.03693627 -0.02466375 0.02082582 0.02235333 -0.02426415 0.02082582 0.02331813 -0.02071774 0.02082582 0.0199181 -0.02014563 0.02082582 0.02066368 -0.02107738 0.02082582 0.01904984 -0.02120005 0.02082582 0.0181181 0.02119995 0.02082582 0.0181181 0.02107725 0.02082582 0.01904984 0.02466365 0.02082582 0.02235333 0.02071765 0.02082582 0.0199181 0.02426405 0.02082582 0.02331813 0.02362835 0.02082582 0.02414653 -0.01940005 0.02082582 0.0150004 -0.0185318 0.02082582 0.01464076 -0.01760005 0.02082582 0.0145181 -0.0166683 0.02082582 0.02159543 -0.01580005 0.02082582 0.02123583 -0.01505447 0.02082582 0.02066368 -0.01448236 0.02082582 0.0199181 -0.01412272 0.02082582 -0.04041367 -0.01400005 0.02082582 -0.03948187 -0.01760005 0.02082582 0.02171813 -0.0185318 0.02082582 0.02159543 -0.02183533 0.02082582 0.02518183 -0.01940005 0.02082582 0.02123583 -0.02280005 0.02082582 0.02478223 -0.02362848 0.02082582 0.02414653 -0.01580005 0.02082582 -0.03636417 -0.0166683 0.02082582 -0.03600457 -0.02107738 0.02082582 0.01718635 -0.01760005 0.02082582 -0.03588187 -0.0185318 0.02082582 -0.03600457 -0.01940005 0.02082582 -0.03636417 -0.0166683 0.02082582 0.01464076 -0.01580005 0.02082582 0.0150004 0.01579995 0.02082582 -0.03636417 -0.01505447 0.02082582 0.01557251 -0.01448236 0.02082582 0.0163181 -0.01412272 0.02082582 0.01718635 -0.01400005 0.02082582 0.0181181 -0.01412272 0.02082582 0.01904984 -0.00148645 0.01042582 0.00725662 -0.00441875 0.01922582 0.0067673 -0.00441875 0.01042582 0.0067673 -0.00723055 0.01922582 0.00580202 -0.00723055 0.01042582 0.00580202 -0.00984515 0.01922582 0.00438709 -0.00984515 0.01042582 0.00438709 -0.01219112 0.01922582 0.00256113 -0.01219112 0.01042582 0.00256113 -0.01420458 0.01922582 0.0003739297 -0.01420458 0.01042582 0.0003739297 -0.01583058 0.01922582 -0.00211487 -0.01583058 0.01042582 -0.00211487 -0.01702476 0.01922582 -0.00483727 -0.01702476 0.01042582 -0.00483727 -0.01775455 0.01922582 -0.00771917 -0.01775455 0.01042582 -0.00771917 -0.01800005 0.01922582 -0.01068187 -0.01800005 0.01042582 -0.01068187 -0.01775455 0.01922582 -0.01364457 -0.01775455 0.01042582 -0.01364457 -0.01702476 0.01922582 -0.01652647 -0.01702476 0.01042582 -0.01652647 -0.01583058 0.01922582 -0.01924897 -0.01583058 0.01042582 -0.01924897 -0.01420458 0.01922582 -0.02173777 -0.01420458 0.01042582 -0.02173777 -0.01219112 0.01922582 -0.02392497 -0.01219112 0.01042582 -0.02392497 -0.00984515 0.01922582 -0.02575087 -0.00984515 0.01042582 -0.02575087 -0.00723055 0.01922582 -0.02716587 -0.00723055 0.01042582 -0.02716587 -0.00441875 0.01922582 -0.02813107 -0.00441875 0.01042582 -0.02813107 -0.00148645 0.01922582 -0.02862047 -0.00148645 0.01042582 -0.02862047 -4.982423e-08 0.01922582 -0.02862047 0.00148635 0.01042582 -0.02862047 0.00148635 0.01922582 -0.02862047 0.00441865 0.01922582 -0.02813107 0.00441865 0.01042582 -0.02813107 0.00723045 0.01922582 -0.02716587 0.00723045 0.01042582 -0.02716587 0.00984505 0.01922582 -0.02575087 0.00984505 0.01042582 -0.02575087 0.01219105 0.01922582 -0.02392497 0.01219105 0.01042582 -0.02392497 0.01420445 0.01922582 -0.02173777 0.01420445 0.01042582 -0.02173777 0.01583045 0.01922582 -0.01924897 0.01583045 0.01042582 -0.01924897 0.01702465 0.01922582 -0.01652647 0.01702465 0.01042582 -0.01652647 0.01775445 0.01922582 -0.01364457 0.01775445 0.01042582 -0.01364457 0.01799995 0.01922582 -0.01068187 0.01799995 0.01042582 -0.01068187 0.01775445 0.01922582 -0.00771917 0.01775445 0.01042582 -0.00771917 0.01702465 0.01922582 -0.00483727 0.01702465 0.01042582 -0.00483727 0.01583045 0.01922582 -0.00211487 0.01583045 0.01042582 -0.00211487 0.01420445 0.01922582 0.0003739297 0.01420445 0.01042582 0.0003739297 0.01219105 0.01922582 0.00256113 0.01219105 0.01042582 0.00256113 0.00984505 0.01922582 0.00438709 0.00984505 0.01042582 0.00438709 0.00723045 0.01922582 0.00580202 0.00723045 0.01042582 0.00580202 0.00441865 0.01922582 0.0067673 0.00441865 0.01042582 0.0067673 0.00148635 0.01922582 0.00725662 0.00148635 0.01042582 0.00725662 -4.982423e-08 0.01922582 0.0073181 -0.00148645 0.01922582 0.00725662 -0.00120005 -0.0249871 -0.00729427 -0.00120005 -0.02309055 -0.00784067 -0.00120005 -0.01979535 0.00699987 -0.00120005 -0.02114476 -0.00817127 -0.00120005 -0.01917418 0.0069181 -0.00120005 -0.02309055 0.02647683 -0.00120005 -0.01979535 0.01163632 -0.00120005 -0.02114476 0.02680743 -0.00120005 -0.01917418 0.0117181 -0.00120005 -0.01917418 0.02691813 -0.00120005 -0.01720361 0.02680743 -0.00120005 -0.01855302 0.01163632 -0.00120005 -0.01525781 0.02647683 -0.00120005 -0.005413982 0.02029152 -0.00120005 -0.01747713 0.01101515 -0.00120005 -0.01709572 0.0105181 -0.00120005 -0.02681054 -0.00653897 -0.00120005 -0.02037418 0.00723964 -0.00120005 -0.02853795 -0.00558427 -0.00120005 -0.0301476 -0.00444217 -0.00120005 -0.02087124 0.00762104 -0.00120005 -0.03161926 -0.00312697 -0.00120005 -0.03293438 -0.00165537 -0.00120005 -0.02125265 0.0081181 -0.00120005 -0.03407648 -4.567034e-05 -0.00120005 -0.03633288 0.01323446 -0.00120005 -0.03666348 0.01128867 -0.00120005 -0.02149241 0.009939262 -0.00120005 -0.02157419 0.0093181 -0.00120005 -0.01336127 0.02593043 -0.00120005 -0.01797418 0.01139656 -0.00120005 -0.01153778 0.02517513 -0.00120005 -0.006729082 0.02176313 -0.00120005 -0.008200782 0.02307833 -0.00120005 -0.009810382 0.02422043 -0.00120005 -0.002015482 0.01323446 -0.00120005 -0.002561882 0.01513101 -0.00120005 -0.01685596 0.009939262 -0.00120005 -0.003317182 0.01695445 -0.00120005 -0.004271882 0.01868186 -0.00120005 -0.03503128 0.00168174 -0.00120005 -0.02149241 0.00869693 -0.00120005 -0.03578658 0.00350518 -0.00120005 -0.03677418 0.0093181 -0.00120005 -0.03666348 0.00734752 -0.00120005 -0.03633288 0.00540173 -0.00120005 -0.0301476 0.02307833 -0.00120005 -0.02087124 0.01101515 -0.00120005 -0.02037418 0.01139656 -0.00120005 -0.001684882 0.01128867 -0.00120005 -0.01677418 0.0093181 -0.00120005 -0.001574182 0.0093181 -0.00120005 -0.03161926 0.02176313 -0.00120005 -0.03293438 0.02029152 -0.00120005 -0.02125265 0.0105181 -0.00120005 -0.0249871 0.02593043 -0.00120005 -0.02681054 0.02517513 -0.00120005 -0.02853795 0.02422043 -0.00120005 -0.001684882 0.00734752 -0.00120005 -0.01685596 0.00869693 -0.00120005 -0.002015482 0.00540173 -0.00120005 -0.03407648 0.01868186 -0.00120005 -0.03503128 0.01695445 -0.00120005 -0.03578658 0.01513101 -0.00120005 -0.01709572 0.0081181 -0.00120005 -0.01747713 0.00762104 -0.00120005 -0.005413982 -0.00165537 -0.00120005 -0.004271882 -4.567034e-05 -0.00120005 -0.003317182 0.00168174 -0.00120005 -0.002561882 0.00350518 -0.00120005 -0.01797418 0.00723964 -0.00120005 -0.008200782 -0.00444217 -0.00120005 -0.006729082 -0.00312697 -0.00120005 -0.01525781 -0.00784067 -0.00120005 -0.01855302 0.00699987 -0.00120005 -0.01720361 -0.00817127 -0.00120005 -0.01917418 -0.00828187 -0.00120005 -0.01336127 -0.00729427 -0.00120005 -0.01153778 -0.00653897 -0.00120005 -0.009810382 -0.00558427 -0.01720005 -0.003317182 0.01695445 -0.01720005 -0.002779082 0.0157181 -0.01720005 -0.01997418 0.0157181 -0.01720005 -0.02114476 0.02680743 -0.01720005 -0.02309055 0.02647683 -0.01720005 -0.02100946 0.0155818 -0.01720005 -0.0249871 0.02593043 -0.01720005 -0.02197419 0.0151822 -0.01720005 -0.02681054 0.02517513 -0.01720005 -0.02853795 0.02422043 -0.01720005 -0.02280261 0.01454652 -0.01720005 -0.0301476 0.02307833 -0.01720005 -0.03161926 0.02176313 -0.01720005 -0.02343829 0.0137181 -0.01720005 -0.03293438 0.02029152 -0.01720005 -0.03407648 0.01868186 -0.01720005 -0.02383789 0.01275337 -0.01720005 -0.03503128 0.01695445 -0.01720005 -0.03293438 -0.00165537 -0.01720005 -0.03407648 -4.567034e-05 -0.01720005 -0.02353847 0.00377432 -0.01720005 -0.02386373 0.00465627 -0.01720005 -0.01917418 0.02691813 -0.01720005 -0.01720361 0.02680743 -0.01720005 -0.01525781 0.02647683 -0.01720005 -0.009810382 0.02422043 -0.01720005 -0.008200782 0.02307833 -0.01720005 -0.006729082 0.02176313 -0.01720005 -0.03161926 -0.00312697 -0.01720005 -0.02301637 0.00299264 -0.01720005 -0.0301476 -0.00444217 -0.01720005 -0.02232626 0.00235438 -0.01720005 -0.02853795 -0.00558427 -0.01720005 -0.01336127 0.02593043 -0.01720005 -0.01153778 0.02517513 -0.01720005 -0.005413982 0.02029152 -0.01720005 -0.004271882 0.01868186 -0.01720005 -0.03503128 0.00168174 -0.01720005 -0.03578658 0.00350518 -0.01720005 -0.02397418 0.00558977 -0.01720005 -0.02681054 -0.00653897 -0.01720005 -0.02150625 0.0018948 -0.01720005 -0.0249871 -0.00729427 -0.01720005 -0.007546082 -0.00389357 -0.01720005 -0.008200782 -0.00444217 -0.01720005 -0.03677418 0.0093181 -0.01720005 -0.02397418 0.0117181 -0.01720005 -0.03666348 0.00734752 -0.01720005 -0.03633288 0.00540173 -0.01720005 -0.03666348 0.01128867 -0.01720005 -0.03633288 0.01323446 -0.01720005 -0.03578658 0.01513101 -0.01720005 -0.009810382 -0.00558427 -0.01720005 -0.01153778 -0.00653897 -0.01720005 -0.01336127 -0.00729427 -0.01720005 -0.01525781 -0.00784067 -0.01720005 -0.01720361 -0.00817127 -0.01720005 -0.01917418 -0.00828187 -0.01720005 -0.02114476 -0.00817127 -0.01720005 -0.02309055 -0.00784067 -0.00360005 -0.01693489 0.02919233 -0.01480005 -0.01693489 0.02919233 -0.00360005 -0.01917418 0.02931813 -0.01480005 -0.01917418 0.02931813 -0.00360005 -0.02141348 0.02919233 -0.01480005 -0.02141348 0.02919233 -0.00360005 -0.02229782 0.02904213 -0.01480005 -0.02229782 0.02904213 -0.00360005 -0.0236246 0.02881663 -0.01480005 -0.0236246 0.02881663 -0.00360005 -0.02534895 0.02831983 -0.01480005 -0.02534895 0.02831983 -0.00360005 -0.02577976 0.02819573 -0.01480005 -0.02577976 0.02819573 -0.00360005 -0.02785186 0.02733743 -0.01480005 -0.02785186 0.02733743 -0.00360005 -0.02824425 0.02712063 -0.01480005 -0.02824425 0.02712063 -0.00360005 -0.02981483 0.02625263 -0.01480005 -0.02981483 0.02625263 -0.00360005 -0.03091241 0.02547383 -0.01480005 -0.03091241 0.02547383 -0.00360005 -0.03164398 0.02495473 -0.01480005 -0.03164398 0.02495473 -0.00360005 -0.03331628 0.02346023 -0.01480005 -0.03331628 0.02346023 -0.00360005 -0.03481078 0.02178793 -0.01480005 -0.03481078 0.02178793 -0.00360005 -0.03532988 0.02105633 -0.01480005 -0.03532988 0.02105633 -0.00360005 -0.03610868 0.01995874 -0.01480005 -0.03610868 0.01995874 -0.00360005 -0.03697668 0.01838817 -0.01480005 -0.03697668 0.01838817 -0.00360005 -0.03719358 0.01799577 -0.01480005 -0.03719358 0.01799577 -0.00360005 -0.03805188 0.01592368 -0.01480005 -0.03805188 0.01592368 -0.00360005 -0.03817598 0.01549286 -0.01480005 -0.03817598 0.01549286 -0.00360005 -0.03867278 0.01376852 -0.01480005 -0.03867278 0.01376852 -0.00360005 -0.03889818 0.01244173 -0.01480005 -0.03889818 0.01244173 -0.00360005 -0.03904838 0.01155739 -0.01480005 -0.03904838 0.01155739 -0.00360005 -0.03917418 0.0093181 -0.01480005 -0.03917418 0.0093181 -0.00360005 -0.03904838 0.00707881 -0.01480005 -0.03904838 0.00707881 -0.00360005 -0.03889818 0.00619447 -0.01480005 -0.03889818 0.00619447 -0.00360005 -0.03867278 0.00486768 -0.01480005 -0.03867278 0.00486768 -0.00360005 -0.03817598 0.00314333 -0.01480005 -0.03817598 0.00314333 -0.00360005 -0.03805188 0.00271252 -0.01480005 -0.03805188 0.00271252 -0.00360005 -0.03719358 0.0006404297 -0.01480005 -0.03719358 0.0006404297 -0.00360005 -0.03697668 0.0002480297 -0.01480005 -0.03697668 0.0002480297 -0.00360005 -0.03610868 -0.00132257 -0.01480005 -0.03610868 -0.00132257 -0.00360005 -0.03532988 -0.00242017 -0.01480005 -0.03532988 -0.00242017 -0.00360005 -0.03481078 -0.00315167 -0.01480005 -0.03481078 -0.00315167 -0.00360005 -0.03331628 -0.00482407 -0.01480005 -0.03331628 -0.00482407 -0.00360005 -0.03164398 -0.00631857 -0.01480005 -0.03164398 -0.00631857 -0.00360005 -0.03091241 -0.00683757 -0.01480005 -0.03091241 -0.00683757 -0.00360005 -0.02981483 -0.00761637 -0.01480005 -0.02981483 -0.00761637 -0.00360005 -0.02824425 -0.00848437 -0.01480005 -0.02824425 -0.00848437 -0.00360005 -0.02785186 -0.00870127 -0.01480005 -0.02785186 -0.00870127 -0.00360005 -0.02577976 -0.00955957 -0.01480005 -0.02577976 -0.00955957 -0.00360005 -0.02534895 -0.00968367 -0.01480005 -0.02534895 -0.00968367 -0.00360005 -0.0236246 -0.01018047 -0.01480005 -0.0236246 -0.01018047 -0.00360005 -0.02229782 -0.01040587 -0.01480005 -0.02229782 -0.01040587 -0.00360005 -0.02141348 -0.01055617 -0.01480005 -0.02141348 -0.01055617 -0.00360005 -0.01917418 -0.01068187 -0.01480005 -0.01917418 -0.01068187 -0.00360005 -0.01693489 -0.01055617 -0.01480005 -0.01693489 -0.01055617 -0.00360005 -0.01605055 -0.01040587 -0.01480005 -0.01605055 -0.01040587 -0.00360005 -0.01472376 -0.01018047 -0.01480005 -0.01472376 -0.01018047 -0.00360005 -0.01299942 -0.00968367 -0.01480005 -0.01299942 -0.00968367 -0.00360005 -0.0125686 -0.00955957 -0.01480005 -0.0125686 -0.00955957 -0.00360005 -0.01049648 -0.00870127 -0.01480005 -0.01049648 -0.00870127 -0.00360005 -0.01010408 -0.00848437 -0.01480005 -0.01010408 -0.00848437 -0.00360005 -0.008533582 -0.00761637 -0.01480005 -0.008533582 -0.00761637 -0.00360005 -0.007435982 -0.00683757 -0.01480005 -0.007435982 -0.00683757 -0.00360005 -0.006704382 -0.00631857 -0.01480005 -0.006704382 -0.00631857 -0.00360005 -0.005032082 -0.00482407 -0.01480005 -0.005032082 -0.00482407 -0.00360005 -0.003537582 -0.00315167 -0.01480005 -0.003537582 -0.00315167 -0.00360005 -0.003018482 -0.00242017 -0.01480005 -0.003018482 -0.00242017 -0.00360005 -0.002239682 -0.00132257 -0.01480005 -0.002239682 -0.00132257 -0.00360005 -0.001371682 0.0002480297 -0.01480005 -0.001371682 0.0002480297 -0.00360005 -0.001154782 0.0006404297 -0.01480005 -0.001154782 0.0006404297 -0.00360005 -0.0002964824 0.00271252 -0.01480005 -0.0002964824 0.00271252 -0.00360005 -0.0001723824 0.00314333 -0.01480005 -0.0001723824 0.00314333 -0.00360005 0.0003244176 0.00486768 -0.01480005 0.0003244176 0.00486768 -0.00360005 0.0005498176 0.00619447 -0.01480005 0.0005498176 0.00619447 -0.00360005 0.0007000176 0.00707881 -0.01480005 0.0007000176 0.00707881 -0.00360005 0.0008258176 0.0093181 -0.01480005 0.0008258176 0.0093181 -0.00360005 0.0007000176 0.01155739 -0.01480005 0.0007000176 0.01155739 -0.00360005 0.0005498176 0.01244173 -0.01480005 0.0005498176 0.01244173 -0.00360005 0.0003244176 0.01376852 -0.01480005 0.0003244176 0.01376852 -0.00360005 -0.0001723824 0.01549286 -0.01480005 -0.0001723824 0.01549286 -0.00360005 -0.0002964824 0.01592368 -0.01480005 -0.0002964824 0.01592368 -0.00360005 -0.001154782 0.01799577 -0.01480005 -0.001154782 0.01799577 -0.00360005 -0.001371682 0.01838817 -0.01480005 -0.001371682 0.01838817 -0.00360005 -0.002239682 0.01995874 -0.01480005 -0.002239682 0.01995874 -0.00360005 -0.003018482 0.02105633 -0.01480005 -0.003018482 0.02105633 -0.00360005 -0.003537582 0.02178793 -0.01480005 -0.003537582 0.02178793 -0.00360005 -0.005032082 0.02346023 -0.01480005 -0.005032082 0.02346023 -0.00360005 -0.006704382 0.02495473 -0.01480005 -0.006704382 0.02495473 -0.00360005 -0.007435982 0.02547383 -0.01480005 -0.007435982 0.02547383 -0.00360005 -0.008533582 0.02625263 -0.01480005 -0.008533582 0.02625263 -0.00360005 -0.01010408 0.02712063 -0.01480005 -0.01010408 0.02712063 -0.00360005 -0.01049648 0.02733743 -0.01480005 -0.01049648 0.02733743 -0.00360005 -0.0125686 0.02819573 -0.01480005 -0.0125686 0.02819573 -0.00360005 -0.01299942 0.02831983 -0.01480005 -0.01299942 0.02831983 -0.00360005 -0.01472376 0.02881663 -0.01480005 -0.01472376 0.02881663 -0.00360005 -0.01605055 0.02904213 -0.01480005 -0.01605055 0.02904213 -0.00120005 -0.01917418 0.0117181 0.00119995 -0.01855302 0.01163632 -0.00120005 -0.01855302 0.01163632 0.00119995 -0.01797418 0.01139656 -0.00120005 -0.01797418 0.01139656 0.00119995 -0.01747713 0.01101515 -0.00120005 -0.01747713 0.01101515 0.00119995 -0.01709572 0.0105181 -0.00120005 -0.01709572 0.0105181 0.00119995 -0.01685596 0.009939262 -0.00120005 -0.01685596 0.009939262 0.00119995 -0.01677418 0.0093181 -0.00120005 -0.01677418 0.0093181 0.00119995 -0.01685596 0.00869693 -0.00120005 -0.01685596 0.00869693 0.00119995 -0.01709572 0.0081181 -0.00120005 -0.01709572 0.0081181 0.00119995 -0.01747713 0.00762104 -0.00120005 -0.01747713 0.00762104 0.00119995 -0.01797418 0.00723964 -0.00120005 -0.01797418 0.00723964 0.00119995 -0.01855302 0.00699987 -0.00120005 -0.01855302 0.00699987 0.00119995 -0.01917418 0.0069181 -0.00120005 -0.01917418 0.0069181 0.00119995 -0.01979535 0.00699987 -0.00120005 -0.01979535 0.00699987 0.00119995 -0.02037418 0.00723964 -0.00120005 -0.02037418 0.00723964 0.00119995 -0.02087124 0.00762104 -0.00120005 -0.02087124 0.00762104 0.00119995 -0.02125265 0.0081181 -0.00120005 -0.02125265 0.0081181 0.00119995 -0.02149241 0.00869693 -0.00120005 -0.02149241 0.00869693 0.00119995 -0.02157419 0.0093181 -0.00120005 -0.02157419 0.0093181 0.00119995 -0.02149241 0.009939262 -0.00120005 -0.02149241 0.009939262 0.00119995 -0.02125265 0.0105181 -0.00120005 -0.02125265 0.0105181 0.00119995 -0.02087124 0.01101515 -0.00120005 -0.02087124 0.01101515 0.00119995 -0.02037418 0.01139656 -0.00120005 -0.02037418 0.01139656 0.00119995 -0.01979535 0.01163632 -0.00120005 -0.01979535 0.01163632 0.00119995 -0.01917418 0.0117181 -0.01542122 -0.03159299 -0.00625457 -0.01542122 -0.02977132 -0.00754717 -0.01542122 -0.02781638 -0.00862757 -0.01542122 -0.02575276 -0.00948237 -0.01542122 -0.03325848 -0.00476617 -0.01542122 -0.03474688 -0.00310067 -0.01542122 -0.03603938 -0.00127907 -0.01542122 -0.03711988 0.0006759297 -0.01542122 -0.03797468 0.00273952 -0.01542122 -0.03859298 0.00488587 -0.01542122 -0.03896718 0.00708796 -0.01542122 -0.03909238 0.0093181 -0.01542122 -0.03896718 0.01154823 -0.01542122 -0.03859298 0.01375032 -0.01542122 -0.03797468 0.01589667 -0.01542122 -0.03711988 0.01796029 -0.01542122 -0.03603938 0.01991523 -0.01542122 -0.03474688 0.02173693 -0.01542122 -0.03325848 0.02340243 -0.01542122 -0.03159299 0.02489083 -0.01542122 -0.02977132 0.02618333 -0.01542122 -0.02781638 0.02726383 -0.01542122 -0.02575276 0.02811853 -0.01542122 -0.0236064 0.02873693 -0.01542122 -0.02140432 0.02911103 -0.01542122 -0.01917418 0.02923633 -0.01542122 -0.01694405 0.02911103 -0.01542122 -0.01474196 0.02873693 -0.01542122 -0.01259561 0.02811853 -0.01542122 -0.01053198 0.02726383 -0.01542122 -0.008577082 0.02618333 -0.01542122 -0.006755382 0.02489083 -0.01542122 -0.005089882 0.02340243 -0.01542122 -0.003601482 0.02173693 -0.01542122 -0.002308982 0.01991523 -0.01542122 -0.001228482 0.01796029 -0.01542122 -0.0003736824 0.01589667 -0.01542122 0.0002446176 0.01375032 -0.01542122 0.0006188176 0.01154823 -0.01542122 0.0007440176 0.0093181 -0.01542122 0.0006188176 0.00708796 -0.01542122 0.0002446176 0.00488587 -0.01542122 -0.0003736824 0.00273952 -0.01542122 -0.001228482 0.0006759297 -0.01542122 -0.002308982 -0.00127907 -0.01542122 -0.003601482 -0.00310067 -0.01542122 -0.005089882 -0.00476617 -0.01542122 -0.006755382 -0.00625457 -0.01542122 -0.008577082 -0.00754717 -0.01542122 -0.01053198 -0.00862757 -0.01542122 -0.01259561 -0.00948237 -0.01542122 -0.01474196 -0.01010077 -0.01542122 -0.01694405 -0.01047487 -0.01542122 -0.01917418 -0.01060017 -0.01542122 -0.02140432 -0.01047487 -0.01542122 -0.0236064 -0.01010077 -0.01600005 -0.01697089 -0.01023667 -0.01600005 -0.01479531 -0.00986697 -0.01600005 -0.0126748 -0.00925607 -0.01600005 -0.01063598 -0.00841157 -0.01600005 -0.008704582 -0.00734417 -0.01600005 -0.006904882 -0.00606717 -0.01600005 -0.005259382 -0.00459667 -0.01600005 -0.003788982 -0.00295127 -0.01600005 -0.002511982 -0.00115147 -0.01600005 -0.001444482 0.0007799297 -0.01600005 -0.0005999824 0.00281871 -0.01600005 1.09176e-05 0.00493923 -0.01600005 0.0003805176 0.00711481 -0.01600005 0.0005043176 0.0093181 -0.01600005 0.0003805176 0.01152138 -0.01600005 1.09176e-05 0.01369697 -0.01600005 -0.0005999824 0.01581748 -0.01600005 -0.001444482 0.01785626 -0.01600005 -0.002511982 0.01978767 -0.01600005 -0.003788982 0.02158743 -0.01600005 -0.005259382 0.02323283 -0.01600005 -0.006904882 0.02470333 -0.01600005 -0.008704582 0.02598033 -0.01600005 -0.01063598 0.02704773 -0.01600005 -0.0126748 0.02789223 -0.01600005 -0.01479531 0.02850313 -0.01600005 -0.01697089 0.02887283 -0.01600005 -0.01917418 0.02899653 -0.01600005 -0.02137747 0.02887283 -0.01600005 -0.02355305 0.02850313 -0.01600005 -0.02567357 0.02789223 -0.01600005 -0.02771235 0.02704773 -0.01600005 -0.02964376 0.02598033 -0.01600005 -0.0314435 0.02470333 -0.01600005 -0.03308898 0.02323283 -0.01600005 -0.03455938 0.02158743 -0.01600005 -0.03583638 0.01978767 -0.01600005 -0.03690388 0.01785626 -0.01600005 -0.03774838 0.01581748 -0.01600005 -0.03835928 0.01369697 -0.01600005 -0.03872888 0.01152138 -0.01600005 -0.03885268 0.0093181 -0.01600005 -0.03872888 0.00711481 -0.01600005 -0.03835928 0.00493923 -0.01600005 -0.03774838 0.00281871 -0.01600005 -0.03690388 0.0007799297 -0.01600005 -0.03583638 -0.00115147 -0.01600005 -0.03455938 -0.00295127 -0.01600005 -0.03308898 -0.00459667 -0.01600005 -0.0314435 -0.00606717 -0.01600005 -0.02964376 -0.00734417 -0.01600005 -0.02771235 -0.00841157 -0.01600005 -0.02567357 -0.00925607 -0.01600005 -0.02355305 -0.00986697 -0.01600005 -0.02137747 -0.01023667 -0.01600005 -0.01917418 -0.01036037 -0.01649711 -0.0170136 -0.00985767 -0.01649711 -0.01488018 -0.00949517 -0.01649711 -0.01280077 -0.00889607 -0.01649711 -0.01080148 -0.00806797 -0.01649711 -0.008907582 -0.00702117 -0.01649711 -0.007142682 -0.00576897 -0.01649711 -0.005529082 -0.00432697 -0.01649711 -0.004087182 -0.00271347 -0.01649711 -0.002834882 -0.0009485703 -0.01649711 -0.001788182 0.0009454197 -0.01649711 -0.0009599824 0.00294468 -0.01649711 -0.0003609824 0.0050241 -0.01649711 1.517602e-06 0.00715751 -0.01649711 0.0001229176 0.0093181 -0.01649711 1.517602e-06 0.01147868 -0.01649711 -0.0003609824 0.0136121 -0.01649711 -0.0009599824 0.01569151 -0.01649711 -0.001788182 0.01769078 -0.01649711 -0.002834882 0.01958475 -0.01649711 -0.004087182 0.02134963 -0.01649711 -0.005529082 0.02296313 -0.01649711 -0.007142682 0.02440513 -0.01649711 -0.008907582 0.02565743 -0.01649711 -0.01080148 0.02670413 -0.01649711 -0.01280077 0.02753223 -0.01649711 -0.01488018 0.02813133 -0.01649711 -0.0170136 0.02849383 -0.01649711 -0.01917418 0.02861513 -0.01649711 -0.02133477 0.02849383 -0.01649711 -0.02346818 0.02813133 -0.01649711 -0.0255476 0.02753223 -0.01649711 -0.02754686 0.02670413 -0.01649711 -0.02944084 0.02565743 -0.01649711 -0.0312057 0.02440513 -0.01649711 -0.03281928 0.02296313 -0.01649711 -0.03426128 0.02134963 -0.01649711 -0.03551348 0.01958475 -0.01649711 -0.03656028 0.01769078 -0.01649711 -0.03738838 0.01569151 -0.01649711 -0.03798738 0.0136121 -0.01649711 -0.03834988 0.01147868 -0.01649711 -0.03847128 0.0093181 -0.01649711 -0.03834988 0.00715751 -0.01649711 -0.03798738 0.0050241 -0.01649711 -0.03738838 0.00294468 -0.01649711 -0.03656028 0.0009454197 -0.01649711 -0.03551348 -0.0009485703 -0.01649711 -0.03426128 -0.00271347 -0.01649711 -0.03281928 -0.00432697 -0.01649711 -0.0312057 -0.00576897 -0.01649711 -0.02944084 -0.00702117 -0.01649711 -0.02754686 -0.00806797 -0.01649711 -0.0255476 -0.00889607 -0.01649711 -0.02346818 -0.00949517 -0.01649711 -0.02133477 -0.00985767 -0.01649711 -0.01917418 -0.00997897 -0.01687851 -0.01706925 -0.00936367 -0.01687851 -0.01499079 -0.00901057 -0.01687851 -0.01296494 -0.00842687 -0.01687851 -0.01101718 -0.00762007 -0.01687851 -0.009171982 -0.00660027 -0.01687851 -0.007452582 -0.00538037 -0.01687851 -0.005880582 -0.00397547 -0.01687851 -0.004475782 -0.00240347 -0.01687851 -0.003255782 -0.0006840703 -0.01687851 -0.002235982 0.00116108 -0.01687851 -0.001429182 0.00310885 -0.01687851 -0.0008455824 0.0051347 -0.01687851 -0.0004923824 0.00721316 -0.01687851 -0.0003741824 0.0093181 -0.01687851 -0.0004923824 0.01142303 -0.01687851 -0.0008455824 0.01350149 -0.01687851 -0.001429182 0.01552734 -0.01687851 -0.002235982 0.01747511 -0.01687851 -0.003255782 0.0193203 -0.01687851 -0.004475782 0.02103973 -0.01687851 -0.005880582 0.02261173 -0.01687851 -0.007452582 0.02401653 -0.01687851 -0.009171982 0.02523653 -0.01687851 -0.01101718 0.02625633 -0.01687851 -0.01296494 0.02706313 -0.01687851 -0.01499079 0.02764673 -0.01687851 -0.01706925 0.02799993 -0.01687851 -0.01917418 0.02811813 -0.01687851 -0.02127912 0.02799993 -0.01687851 -0.02335758 0.02764673 -0.01687851 -0.02538343 0.02706313 -0.01687851 -0.0273312 0.02625633 -0.01687851 -0.02917639 0.02523653 -0.01687851 -0.03089579 0.02401653 -0.01687851 -0.03246778 0.02261173 -0.01687851 -0.03387258 0.02103973 -0.01687851 -0.03509258 0.0193203 -0.01687851 -0.03611238 0.01747511 -0.01687851 -0.03691918 0.01552734 -0.01687851 -0.03750278 0.01350149 -0.01687851 -0.03785598 0.01142303 -0.01687851 -0.03797418 0.0093181 -0.01687851 -0.03785598 0.00721316 -0.01687851 -0.03750278 0.0051347 -0.01687851 -0.03691918 0.00310885 -0.01687851 -0.03611238 0.00116108 -0.01687851 -0.03509258 -0.0006840703 -0.01687851 -0.03387258 -0.00240347 -0.01687851 -0.03246778 -0.00397547 -0.01687851 -0.03089579 -0.00538037 -0.01687851 -0.02917639 -0.00660027 -0.01687851 -0.0273312 -0.00762007 -0.01687851 -0.02538343 -0.00842687 -0.01687851 -0.02335758 -0.00901057 -0.01687851 -0.02127912 -0.00936367 -0.01687851 -0.01917418 -0.00948187 -0.01711827 -0.01713406 -0.00878847 -0.01711827 -0.01511959 -0.00844627 -0.01711827 -0.01315611 -0.00788057 -0.01711827 -0.01126828 -0.00709857 -0.01711827 -0.009479982 -0.00611017 -0.01711827 -0.007813482 -0.00492777 -0.01711827 -0.006289882 -0.00356617 -0.01711827 -0.004928282 -0.00204257 -0.01711827 -0.003745882 -0.0003761703 -0.01711827 -0.002757482 0.00141223 -0.01711827 -0.001975582 0.00330003 -0.01711827 -0.001409882 0.00526351 -0.01711827 -0.001067582 0.00727797 -0.01711827 -0.0009529824 0.0093181 -0.01711827 -0.001067582 0.01135822 -0.01711827 -0.001409882 0.01337269 -0.01711827 -0.001975582 0.01533617 -0.01711827 -0.002757482 0.01722396 -0.01711827 -0.003745882 0.01901234 -0.01711827 -0.004928282 0.02067881 -0.01711827 -0.006289882 0.02220243 -0.01711827 -0.007813482 0.02356393 -0.01711827 -0.009479982 0.02474643 -0.01711827 -0.01126828 0.02573483 -0.01711827 -0.01315611 0.02651673 -0.01711827 -0.01511959 0.02708243 -0.01711827 -0.01713406 0.02742473 -0.01711827 -0.01917418 0.02753923 -0.01711827 -0.02121431 0.02742473 -0.01711827 -0.02322877 0.02708243 -0.01711827 -0.02519225 0.02651673 -0.01711827 -0.02708005 0.02573483 -0.01711827 -0.02886843 0.02474643 -0.01711827 -0.03053489 0.02356393 -0.01711827 -0.03205848 0.02220243 -0.01711827 -0.03342008 0.02067881 -0.01711827 -0.03460248 0.01901234 -0.01711827 -0.03559088 0.01722396 -0.01711827 -0.03637288 0.01533617 -0.01711827 -0.03693848 0.01337269 -0.01711827 -0.03728078 0.01135822 -0.01711827 -0.03739538 0.0093181 -0.01711827 -0.03728078 0.00727797 -0.01711827 -0.03693848 0.00526351 -0.01711827 -0.03637288 0.00330003 -0.01711827 -0.03559088 0.00141223 -0.01711827 -0.03460248 -0.0003761703 -0.01711827 -0.03342008 -0.00204257 -0.01711827 -0.03205848 -0.00356617 -0.01711827 -0.03053489 -0.00492777 -0.01711827 -0.02886843 -0.00611017 -0.01711827 -0.02708005 -0.00709857 -0.01711827 -0.02519225 -0.00788057 -0.01711827 -0.02322877 -0.00844627 -0.01711827 -0.02121431 -0.00878847 -0.01711827 -0.01917418 -0.00890307 -0.01720005 -0.005413982 -0.00165537 -0.01720005 -0.004271882 -4.567034e-05 -0.01720005 -0.003317182 0.00168174 -0.01720005 -0.002561882 0.00350518 -0.01720005 -0.002015482 0.00540173 -0.01720005 -0.001684882 0.00734752 -0.01720005 -0.001574182 0.0093181 -0.01720005 -0.001684882 0.01128867 -0.01720005 -0.002015482 0.01323446 -0.01720005 -0.002561882 0.01513101 -0.01720005 -0.006729082 -0.00312697 -0.00297885 -0.01474196 -0.01010077 -0.00297885 -0.008577082 -0.00754717 -0.00297885 -0.002308982 -0.00127907 -0.00297885 0.0002446176 0.00488587 -0.00297885 0.0002446176 0.01375032 -0.00297885 -0.002308982 0.01991523 -0.00297885 -0.008577082 0.02618333 -0.00297885 -0.01474196 0.02873693 -0.00297885 -0.0236064 0.02873693 -0.00297885 -0.02977132 0.02618333 -0.00297885 -0.03603938 0.01991523 -0.00297885 -0.03859298 0.01375032 -0.00297885 -0.03859298 0.00488587 -0.00297885 -0.03603938 -0.00127907 -0.00297885 -0.02977132 -0.00754717 -0.00297885 -0.0236064 -0.01010077 -0.00128185 -0.02121431 -0.00878847 -0.00128185 -0.02322877 -0.00844627 -0.00152155 -0.02127912 -0.00936367 -0.00152155 -0.02335758 -0.00901057 -0.00190295 -0.02133477 -0.00985767 -0.00190295 -0.02346818 -0.00949517 -0.00240005 -0.02137747 -0.01023667 -0.00240005 -0.02355305 -0.00986697 -0.00297885 -0.02140432 -0.01047487 -0.00128185 -0.02708005 -0.00709857 -0.00128185 -0.02886843 -0.00611017 -0.00152155 -0.0273312 -0.00762007 -0.00152155 -0.02917639 -0.00660027 -0.00190295 -0.02754686 -0.00806797 -0.00190295 -0.02944084 -0.00702117 -0.00240005 -0.02771235 -0.00841157 -0.00240005 -0.02964376 -0.00734417 -0.00297885 -0.02781638 -0.00862757 -0.00128185 -0.03342008 -0.00204257 -0.00128185 -0.03460248 -0.0003761703 -0.00152155 -0.03387258 -0.00240347 -0.00152155 -0.03509258 -0.0006840703 -0.00190295 -0.03426128 -0.00271347 -0.00190295 -0.03551348 -0.0009485703 -0.00240005 -0.03455938 -0.00295127 -0.00240005 -0.03583638 -0.00115147 -0.00297885 -0.03474688 -0.00310067 -0.00128185 -0.03637288 0.00330003 -0.00128185 -0.03693848 0.00526351 -0.00152155 -0.03691918 0.00310885 -0.00152155 -0.03750278 0.0051347 -0.00190295 -0.03738838 0.00294468 -0.00190295 -0.03798738 0.0050241 -0.00240005 -0.03774838 0.00281871 -0.00240005 -0.03835928 0.00493923 -0.00297885 -0.03797468 0.00273952 -0.00128185 -0.03728078 0.01135822 -0.00128185 -0.03693848 0.01337269 -0.00152155 -0.03785598 0.01142303 -0.00152155 -0.03750278 0.01350149 -0.00190295 -0.03834988 0.01147868 -0.00190295 -0.03798738 0.0136121 -0.00240005 -0.03872888 0.01152138 -0.00240005 -0.03835928 0.01369697 -0.00297885 -0.03896718 0.01154823 -0.00128185 -0.03559088 0.01722396 -0.00128185 -0.03460248 0.01901234 -0.00152155 -0.03611238 0.01747511 -0.00152155 -0.03509258 0.0193203 -0.00190295 -0.03656028 0.01769078 -0.00190295 -0.03551348 0.01958475 -0.00240005 -0.03690388 0.01785626 -0.00240005 -0.03583638 0.01978767 -0.00297885 -0.03711988 0.01796029 -0.00128185 -0.03053489 0.02356393 -0.00128185 -0.02886843 0.02474643 -0.00152155 -0.03089579 0.02401653 -0.00152155 -0.02917639 0.02523653 -0.00190295 -0.0312057 0.02440513 -0.00190295 -0.02944084 0.02565743 -0.00240005 -0.0314435 0.02470333 -0.00240005 -0.02964376 0.02598033 -0.00297885 -0.03159299 0.02489083 -0.00128185 -0.02519225 0.02651673 -0.00128185 -0.02322877 0.02708243 -0.00152155 -0.02538343 0.02706313 -0.00152155 -0.02335758 0.02764673 -0.00190295 -0.0255476 0.02753223 -0.00190295 -0.02346818 0.02813133 -0.00240005 -0.02567357 0.02789223 -0.00240005 -0.02355305 0.02850313 -0.00297885 -0.02575276 0.02811853 -0.00128185 -0.01713406 0.02742473 -0.00128185 -0.01511959 0.02708243 -0.00152155 -0.01706925 0.02799993 -0.00152155 -0.01499079 0.02764673 -0.00190295 -0.0170136 0.02849383 -0.00190295 -0.01488018 0.02813133 -0.00240005 -0.01697089 0.02887283 -0.00240005 -0.01479531 0.02850313 -0.00297885 -0.01694405 0.02911103 -0.00128185 -0.01126828 0.02573483 -0.00128185 -0.009479982 0.02474643 -0.00152155 -0.01101718 0.02625633 -0.00152155 -0.009171982 0.02523653 -0.00190295 -0.01080148 0.02670413 -0.00190295 -0.008907582 0.02565743 -0.00240005 -0.01063598 0.02704773 -0.00240005 -0.008704582 0.02598033 -0.00297885 -0.01053198 0.02726383 -0.00128185 -0.004928282 0.02067881 -0.00128185 -0.003745882 0.01901234 -0.00152155 -0.004475782 0.02103973 -0.00152155 -0.003255782 0.0193203 -0.00190295 -0.004087182 0.02134963 -0.00190295 -0.002834882 0.01958475 -0.00240005 -0.003788982 0.02158743 -0.00240005 -0.002511982 0.01978767 -0.00297885 -0.003601482 0.02173693 -0.00128185 -0.001975582 0.01533617 -0.00128185 -0.001409882 0.01337269 -0.00152155 -0.001429182 0.01552734 -0.00152155 -0.0008455824 0.01350149 -0.00190295 -0.0009599824 0.01569151 -0.00190295 -0.0003609824 0.0136121 -0.00240005 -0.0005999824 0.01581748 -0.00240005 1.09176e-05 0.01369697 -0.00297885 -0.0003736824 0.01589667 -0.00128185 -0.001067582 0.00727797 -0.00128185 -0.001409882 0.00526351 -0.00152155 -0.0004923824 0.00721316 -0.00152155 -0.0008455824 0.0051347 -0.00190295 1.517602e-06 0.00715751 -0.00190295 -0.0003609824 0.0050241 -0.00240005 0.0003805176 0.00711481 -0.00240005 1.09176e-05 0.00493923 -0.00297885 0.0006188176 0.00708796 -0.00128185 -0.002757482 0.00141223 -0.00128185 -0.003745882 -0.0003761703 -0.00152155 -0.002235982 0.00116108 -0.00152155 -0.003255782 -0.0006840703 -0.00190295 -0.001788182 0.0009454197 -0.00190295 -0.002834882 -0.0009485703 -0.00240005 -0.001444482 0.0007799297 -0.00240005 -0.002511982 -0.00115147 -0.00297885 -0.001228482 0.0006759297 -0.00128185 -0.007813482 -0.00492777 -0.00128185 -0.009479982 -0.00611017 -0.00152155 -0.007452582 -0.00538037 -0.00152155 -0.009171982 -0.00660027 -0.00190295 -0.007142682 -0.00576897 -0.00190295 -0.008907582 -0.00702117 -0.00240005 -0.006904882 -0.00606717 -0.00240005 -0.008704582 -0.00734417 -0.00297885 -0.006755382 -0.00625457 -0.00128185 -0.01315611 -0.00788057 -0.00128185 -0.01511959 -0.00844627 -0.00152155 -0.01296494 -0.00842687 -0.00152155 -0.01499079 -0.00901057 -0.00190295 -0.01280077 -0.00889607 -0.00190295 -0.01488018 -0.00949517 -0.00240005 -0.0126748 -0.00925607 -0.00240005 -0.01479531 -0.00986697 -0.00297885 -0.01259561 -0.00948237 -0.00128185 -0.01917418 -0.00890307 -0.00152155 -0.01917418 -0.00948187 -0.00190295 -0.01917418 -0.00997897 -0.00240005 -0.01917418 -0.01036037 -0.00297885 -0.01917418 -0.01060017 -0.00297885 -0.02575276 -0.00948237 -0.00240005 -0.02567357 -0.00925607 -0.00190295 -0.0255476 -0.00889607 -0.00152155 -0.02538343 -0.00842687 -0.00128185 -0.02519225 -0.00788057 -0.00297885 -0.03159299 -0.00625457 -0.00240005 -0.0314435 -0.00606717 -0.00190295 -0.0312057 -0.00576897 -0.00152155 -0.03089579 -0.00538037 -0.00128185 -0.03053489 -0.00492777 -0.00128185 -0.03205848 -0.00356617 -0.00152155 -0.03246778 -0.00397547 -0.00190295 -0.03281928 -0.00432697 -0.00240005 -0.03308898 -0.00459667 -0.00297885 -0.03325848 -0.00476617 -0.00297885 -0.03711988 0.0006759297 -0.00240005 -0.03690388 0.0007799297 -0.00190295 -0.03656028 0.0009454197 -0.00152155 -0.03611238 0.00116108 -0.00128185 -0.03559088 0.00141223 -0.00297885 -0.03896718 0.00708796 -0.00240005 -0.03872888 0.00711481 -0.00190295 -0.03834988 0.00715751 -0.00152155 -0.03785598 0.00721316 -0.00128185 -0.03728078 0.00727797 -0.00128185 -0.03739538 0.0093181 -0.00152155 -0.03797418 0.0093181 -0.00190295 -0.03847128 0.0093181 -0.00240005 -0.03885268 0.0093181 -0.00297885 -0.03909238 0.0093181 -0.00297885 -0.03797468 0.01589667 -0.00240005 -0.03774838 0.01581748 -0.00190295 -0.03738838 0.01569151 -0.00152155 -0.03691918 0.01552734 -0.00128185 -0.03637288 0.01533617 -0.00297885 -0.03474688 0.02173693 -0.00240005 -0.03455938 0.02158743 -0.00190295 -0.03426128 0.02134963 -0.00152155 -0.03387258 0.02103973 -0.00128185 -0.03342008 0.02067881 -0.00128185 -0.03205848 0.02220243 -0.00152155 -0.03246778 0.02261173 -0.00190295 -0.03281928 0.02296313 -0.00240005 -0.03308898 0.02323283 -0.00297885 -0.03325848 0.02340243 -0.00297885 -0.02781638 0.02726383 -0.00240005 -0.02771235 0.02704773 -0.00190295 -0.02754686 0.02670413 -0.00152155 -0.0273312 0.02625633 -0.00128185 -0.02708005 0.02573483 -0.00297885 -0.02140432 0.02911103 -0.00240005 -0.02137747 0.02887283 -0.00190295 -0.02133477 0.02849383 -0.00152155 -0.02127912 0.02799993 -0.00128185 -0.02121431 0.02742473 -0.00128185 -0.01917418 0.02753923 -0.00152155 -0.01917418 0.02811813 -0.00190295 -0.01917418 0.02861513 -0.00240005 -0.01917418 0.02899653 -0.00297885 -0.01917418 0.02923633 -0.00297885 -0.01259561 0.02811853 -0.00240005 -0.0126748 0.02789223 -0.00190295 -0.01280077 0.02753223 -0.00152155 -0.01296494 0.02706313 -0.00128185 -0.01315611 0.02651673 -0.00297885 -0.006755382 0.02489083 -0.00240005 -0.006904882 0.02470333 -0.00190295 -0.007142682 0.02440513 -0.00152155 -0.007452582 0.02401653 -0.00128185 -0.007813482 0.02356393 -0.00128185 -0.006289882 0.02220243 -0.00152155 -0.005880582 0.02261173 -0.00190295 -0.005529082 0.02296313 -0.00240005 -0.005259382 0.02323283 -0.00297885 -0.005089882 0.02340243 -0.00297885 -0.001228482 0.01796029 -0.00240005 -0.001444482 0.01785626 -0.00190295 -0.001788182 0.01769078 -0.00152155 -0.002235982 0.01747511 -0.00128185 -0.002757482 0.01722396 -0.00297885 0.0006188176 0.01154823 -0.00240005 0.0003805176 0.01152138 -0.00190295 1.517602e-06 0.01147868 -0.00152155 -0.0004923824 0.01142303 -0.00128185 -0.001067582 0.01135822 -0.00128185 -0.0009529824 0.0093181 -0.00152155 -0.0003741824 0.0093181 -0.00190295 0.0001229176 0.0093181 -0.00240005 0.0005043176 0.0093181 -0.00297885 0.0007440176 0.0093181 -0.00297885 -0.0003736824 0.00273952 -0.00240005 -0.0005999824 0.00281871 -0.00190295 -0.0009599824 0.00294468 -0.00152155 -0.001429182 0.00310885 -0.00128185 -0.001975582 0.00330003 -0.00297885 -0.003601482 -0.00310067 -0.00240005 -0.003788982 -0.00295127 -0.00190295 -0.004087182 -0.00271347 -0.00152155 -0.004475782 -0.00240347 -0.00128185 -0.004928282 -0.00204257 -0.00128185 -0.006289882 -0.00356617 -0.00152155 -0.005880582 -0.00397547 -0.00190295 -0.005529082 -0.00432697 -0.00240005 -0.005259382 -0.00459667 -0.00297885 -0.005089882 -0.00476617 -0.00297885 -0.01053198 -0.00862757 -0.00240005 -0.01063598 -0.00841157 -0.00190295 -0.01080148 -0.00806797 -0.00152155 -0.01101718 -0.00762007 -0.00128185 -0.01126828 -0.00709857 -0.00297885 -0.01694405 -0.01047487 -0.00240005 -0.01697089 -0.01023667 -0.00190295 -0.0170136 -0.00985767 -0.00152155 -0.01706925 -0.00936367 -0.00128185 -0.01713406 -0.00878847 0.01719995 -0.01917418 0.02691813 0.01719995 -0.02114476 0.02680743 0.01719995 -0.01997418 0.0157181 0.01719995 -0.02100946 0.0155818 0.01719995 -0.02280261 0.01454652 0.01719995 -0.03161926 0.02176313 0.01719995 -0.02343829 0.0137181 0.01719995 -0.03293438 0.02029152 0.01719995 -0.02383789 0.01275337 0.01719995 -0.03407648 0.01868186 0.01719995 -0.02197419 0.0151822 0.01719995 -0.02853795 0.02422043 0.01719995 -0.0301476 0.02307833 0.01719995 -0.02309055 0.02647683 0.01719995 -0.0249871 0.02593043 0.01719995 -0.02681054 0.02517513 0.01719995 -0.02232626 0.00235438 0.01719995 -0.02681054 -0.00653897 0.01719995 -0.02150625 0.0018948 0.01719995 -0.0249871 -0.00729427 0.01719995 -0.02309055 -0.00784067 0.01719995 -0.002779082 0.0157181 0.01719995 -0.003317182 0.01695445 0.01719995 -0.004271882 0.01868186 0.01719995 -0.005413982 0.02029152 0.01719995 -0.009810382 0.02422043 0.01719995 -0.01153778 0.02517513 0.01719995 -0.01336127 0.02593043 0.01719995 -0.02301637 0.00299264 0.01719995 -0.0301476 -0.00444217 0.01719995 -0.02853795 -0.00558427 0.01719995 -0.02386373 0.00465627 0.01719995 -0.03407648 -4.567034e-05 0.01719995 -0.02353847 0.00377432 0.01719995 -0.03293438 -0.00165537 0.01719995 -0.03161926 -0.00312697 0.01719995 -0.006729082 0.02176313 0.01719995 -0.008200782 0.02307833 0.01719995 -0.01525781 0.02647683 0.01719995 -0.01720361 0.02680743 0.01719995 -0.02114476 -0.00817127 0.01719995 -0.01917418 -0.00828187 0.01719995 -0.01720361 -0.00817127 0.01719995 -0.02397418 0.00558977 0.01719995 -0.03578658 0.00350518 0.01719995 -0.03503128 0.00168174 0.01719995 -0.03503128 0.01695445 0.01719995 -0.03578658 0.01513101 0.01719995 -0.02397418 0.0117181 0.01719995 -0.03633288 0.01323446 0.01719995 -0.03666348 0.01128867 0.01719995 -0.01525781 -0.00784067 0.01719995 -0.01336127 -0.00729427 0.01719995 -0.01153778 -0.00653897 0.01719995 -0.009810382 -0.00558427 0.01719995 -0.008200782 -0.00444217 0.01719995 -0.007546082 -0.00389357 0.01719995 -0.03677418 0.0093181 0.01719995 -0.03666348 0.00734752 0.01719995 -0.03633288 0.00540173 0.00119995 -0.02309055 0.02647683 0.00119995 -0.02114476 0.02680743 0.00119995 -0.01979535 0.01163632 0.00119995 -0.01917418 0.0117181 0.00119995 -0.03633288 0.00540173 0.00119995 -0.03666348 0.00734752 0.00119995 -0.02149241 0.00869693 0.00119995 -0.02157419 0.0093181 0.00119995 -0.02037418 0.01139656 0.00119995 -0.02681054 0.02517513 0.00119995 -0.0249871 0.02593043 0.00119995 -0.02087124 0.01101515 0.00119995 -0.0301476 0.02307833 0.00119995 -0.02853795 0.02422043 0.00119995 -0.02125265 0.0105181 0.00119995 -0.03293438 0.02029152 0.00119995 -0.03161926 0.02176313 0.00119995 -0.03633288 0.01323446 0.00119995 -0.02149241 0.009939262 0.00119995 -0.03666348 0.01128867 0.00119995 -0.03677418 0.0093181 0.00119995 -0.03578658 0.01513101 0.00119995 -0.03503128 0.01695445 0.00119995 -0.03407648 0.01868186 0.00119995 -0.02853795 -0.00558427 0.00119995 -0.0301476 -0.00444217 0.00119995 -0.02037418 0.00723964 0.00119995 -0.02087124 0.00762104 0.00119995 -0.02681054 -0.00653897 0.00119995 -0.01979535 0.00699987 0.00119995 -0.0249871 -0.00729427 0.00119995 -0.02125265 0.0081181 0.00119995 -0.03503128 0.00168174 0.00119995 -0.03578658 0.00350518 0.00119995 -0.03161926 -0.00312697 0.00119995 -0.03293438 -0.00165537 0.00119995 -0.03407648 -4.567034e-05 0.00119995 -0.01525781 -0.00784067 0.00119995 -0.01720361 -0.00817127 0.00119995 -0.01855302 0.00699987 0.00119995 -0.01917418 0.0069181 0.00119995 -0.01917418 -0.00828187 0.00119995 -0.02114476 -0.00817127 0.00119995 -0.02309055 -0.00784067 0.00119995 -0.004271882 -4.567034e-05 0.00119995 -0.005413982 -0.00165537 0.00119995 -0.01709572 0.0081181 0.00119995 -0.01747713 0.00762104 0.00119995 -0.006729082 -0.00312697 0.00119995 -0.008200782 -0.00444217 0.00119995 -0.01797418 0.00723964 0.00119995 -0.009810382 -0.00558427 0.00119995 -0.01153778 -0.00653897 0.00119995 -0.01336127 -0.00729427 0.00119995 -0.002561882 0.01513101 0.00119995 -0.002015482 0.01323446 0.00119995 -0.01685596 0.009939262 0.00119995 -0.001684882 0.01128867 0.00119995 -0.01677418 0.0093181 0.00119995 -0.003317182 0.00168174 0.00119995 -0.01685596 0.00869693 0.00119995 -0.002561882 0.00350518 0.00119995 -0.001574182 0.0093181 0.00119995 -0.001684882 0.00734752 0.00119995 -0.002015482 0.00540173 0.00119995 -0.003317182 0.01695445 0.00119995 -0.01709572 0.0105181 0.00119995 -0.004271882 0.01868186 0.00119995 -0.005413982 0.02029152 0.00119995 -0.01747713 0.01101515 0.00119995 -0.006729082 0.02176313 0.00119995 -0.008200782 0.02307833 0.00119995 -0.01797418 0.01139656 0.00119995 -0.009810382 0.02422043 0.00119995 -0.01917418 0.02691813 0.00119995 -0.01720361 0.02680743 0.00119995 -0.01855302 0.01163632 0.00119995 -0.01525781 0.02647683 0.00119995 -0.01336127 0.02593043 0.00119995 -0.01153778 0.02517513 0.01479995 -0.01693489 0.02919233 0.00359995 -0.01693489 0.02919233 0.01479995 -0.01917418 0.02931813 0.00359995 -0.01917418 0.02931813 0.01479995 -0.02141348 0.02919233 0.00359995 -0.02141348 0.02919233 0.01479995 -0.02229782 0.02904213 0.00359995 -0.02229782 0.02904213 0.01479995 -0.0236246 0.02881663 0.00359995 -0.0236246 0.02881663 0.01479995 -0.02534895 0.02831983 0.00359995 -0.02534895 0.02831983 0.01479995 -0.02577976 0.02819573 0.00359995 -0.02577976 0.02819573 0.01479995 -0.02785186 0.02733743 0.00359995 -0.02785186 0.02733743 0.01479995 -0.02824425 0.02712063 0.00359995 -0.02824425 0.02712063 0.01479995 -0.02981483 0.02625263 0.00359995 -0.02981483 0.02625263 0.01479995 -0.03091241 0.02547383 0.00359995 -0.03091241 0.02547383 0.01479995 -0.03164398 0.02495473 0.00359995 -0.03164398 0.02495473 0.01479995 -0.03331628 0.02346023 0.00359995 -0.03331628 0.02346023 0.01479995 -0.03481078 0.02178793 0.00359995 -0.03481078 0.02178793 0.01479995 -0.03532988 0.02105633 0.00359995 -0.03532988 0.02105633 0.01479995 -0.03610868 0.01995874 0.00359995 -0.03610868 0.01995874 0.01479995 -0.03697668 0.01838817 0.00359995 -0.03697668 0.01838817 0.01479995 -0.03719358 0.01799577 0.00359995 -0.03719358 0.01799577 0.01479995 -0.03805188 0.01592368 0.00359995 -0.03805188 0.01592368 0.01479995 -0.03817598 0.01549286 0.00359995 -0.03817598 0.01549286 0.01479995 -0.03867278 0.01376852 0.00359995 -0.03867278 0.01376852 0.01479995 -0.03889818 0.01244173 0.00359995 -0.03889818 0.01244173 0.01479995 -0.03904838 0.01155739 0.00359995 -0.03904838 0.01155739 0.01479995 -0.03917418 0.0093181 0.00359995 -0.03917418 0.0093181 0.01479995 -0.03904838 0.00707881 0.00359995 -0.03904838 0.00707881 0.01479995 -0.03889818 0.00619447 0.00359995 -0.03889818 0.00619447 0.01479995 -0.03867278 0.00486768 0.00359995 -0.03867278 0.00486768 0.01479995 -0.03817598 0.00314333 0.00359995 -0.03817598 0.00314333 0.01479995 -0.03805188 0.00271252 0.00359995 -0.03805188 0.00271252 0.01479995 -0.03719358 0.0006404297 0.00359995 -0.03719358 0.0006404297 0.01479995 -0.03697668 0.0002480297 0.00359995 -0.03697668 0.0002480297 0.01479995 -0.03610868 -0.00132257 0.00359995 -0.03610868 -0.00132257 0.01479995 -0.03532988 -0.00242017 0.00359995 -0.03532988 -0.00242017 0.01479995 -0.03481078 -0.00315167 0.00359995 -0.03481078 -0.00315167 0.01479995 -0.03331628 -0.00482407 0.00359995 -0.03331628 -0.00482407 0.01479995 -0.03164398 -0.00631857 0.00359995 -0.03164398 -0.00631857 0.01479995 -0.03091241 -0.00683757 0.00359995 -0.03091241 -0.00683757 0.01479995 -0.02981483 -0.00761637 0.00359995 -0.02981483 -0.00761637 0.01479995 -0.02824425 -0.00848437 0.00359995 -0.02824425 -0.00848437 0.01479995 -0.02785186 -0.00870127 0.00359995 -0.02785186 -0.00870127 0.01479995 -0.02577976 -0.00955957 0.00359995 -0.02577976 -0.00955957 0.01479995 -0.02534895 -0.00968367 0.00359995 -0.02534895 -0.00968367 0.01479995 -0.0236246 -0.01018047 0.00359995 -0.0236246 -0.01018047 0.01479995 -0.02229782 -0.01040587 0.00359995 -0.02229782 -0.01040587 0.01479995 -0.02141348 -0.01055617 0.00359995 -0.02141348 -0.01055617 0.01479995 -0.01917418 -0.01068187 0.00359995 -0.01917418 -0.01068187 0.01479995 -0.01693489 -0.01055617 0.00359995 -0.01693489 -0.01055617 0.01479995 -0.01605055 -0.01040587 0.00359995 -0.01605055 -0.01040587 0.01479995 -0.01472376 -0.01018047 0.00359995 -0.01472376 -0.01018047 0.01479995 -0.01299942 -0.00968367 0.00359995 -0.01299942 -0.00968367 0.01479995 -0.0125686 -0.00955957 0.00359995 -0.0125686 -0.00955957 0.01479995 -0.01049648 -0.00870127 0.00359995 -0.01049648 -0.00870127 0.01479995 -0.01010408 -0.00848437 0.00359995 -0.01010408 -0.00848437 0.01479995 -0.008533582 -0.00761637 0.00359995 -0.008533582 -0.00761637 0.01479995 -0.007435982 -0.00683757 0.00359995 -0.007435982 -0.00683757 0.01479995 -0.006704382 -0.00631857 0.00359995 -0.006704382 -0.00631857 0.01479995 -0.005032082 -0.00482407 0.00359995 -0.005032082 -0.00482407 0.01479995 -0.003537582 -0.00315167 0.00359995 -0.003537582 -0.00315167 0.01479995 -0.003018482 -0.00242017 0.00359995 -0.003018482 -0.00242017 0.01479995 -0.002239682 -0.00132257 0.00359995 -0.002239682 -0.00132257 0.01479995 -0.001371682 0.0002480297 0.00359995 -0.001371682 0.0002480297 0.01479995 -0.001154782 0.0006404297 0.00359995 -0.001154782 0.0006404297 0.01479995 -0.0002964824 0.00271252 0.00359995 -0.0002964824 0.00271252 0.01479995 -0.0001723824 0.00314333 0.00359995 -0.0001723824 0.00314333 0.01479995 0.0003244176 0.00486768 0.00359995 0.0003244176 0.00486768 0.01479995 0.0005498176 0.00619447 0.00359995 0.0005498176 0.00619447 0.01479995 0.0007000176 0.00707881 0.00359995 0.0007000176 0.00707881 0.01479995 0.0008258176 0.0093181 0.00359995 0.0008258176 0.0093181 0.01479995 0.0007000176 0.01155739 0.00359995 0.0007000176 0.01155739 0.01479995 0.0005498176 0.01244173 0.00359995 0.0005498176 0.01244173 0.01479995 0.0003244176 0.01376852 0.00359995 0.0003244176 0.01376852 0.01479995 -0.0001723824 0.01549286 0.00359995 -0.0001723824 0.01549286 0.01479995 -0.0002964824 0.01592368 0.00359995 -0.0002964824 0.01592368 0.01479995 -0.001154782 0.01799577 0.00359995 -0.001154782 0.01799577 0.01479995 -0.001371682 0.01838817 0.00359995 -0.001371682 0.01838817 0.01479995 -0.002239682 0.01995874 0.00359995 -0.002239682 0.01995874 0.01479995 -0.003018482 0.02105633 0.00359995 -0.003018482 0.02105633 0.01479995 -0.003537582 0.02178793 0.00359995 -0.003537582 0.02178793 0.01479995 -0.005032082 0.02346023 0.00359995 -0.005032082 0.02346023 0.01479995 -0.006704382 0.02495473 0.00359995 -0.006704382 0.02495473 0.01479995 -0.007435982 0.02547383 0.00359995 -0.007435982 0.02547383 0.01479995 -0.008533582 0.02625263 0.00359995 -0.008533582 0.02625263 0.01479995 -0.01010408 0.02712063 0.00359995 -0.01010408 0.02712063 0.01479995 -0.01049648 0.02733743 0.00359995 -0.01049648 0.02733743 0.01479995 -0.0125686 0.02819573 0.00359995 -0.0125686 0.02819573 0.01479995 -0.01299942 0.02831983 0.00359995 -0.01299942 0.02831983 0.01479995 -0.01472376 0.02881663 0.00359995 -0.01472376 0.02881663 0.01479995 -0.01605055 0.02904213 0.00359995 -0.01605055 0.02904213 0.00297875 -0.03159299 -0.00625457 0.00297875 -0.02977132 -0.00754717 0.00297875 -0.02781638 -0.00862757 0.00297875 -0.02575276 -0.00948237 0.00297875 -0.03325848 -0.00476617 0.00297875 -0.03474688 -0.00310067 0.00297875 -0.03603938 -0.00127907 0.00297875 -0.03711988 0.0006759297 0.00297875 -0.03797468 0.00273952 0.00297875 -0.03859298 0.00488587 0.00297875 -0.03896718 0.00708796 0.00297875 -0.03909238 0.0093181 0.00297875 -0.03896718 0.01154823 0.00297875 -0.03859298 0.01375032 0.00297875 -0.03797468 0.01589667 0.00297875 -0.03711988 0.01796029 0.00297875 -0.03603938 0.01991523 0.00297875 -0.03474688 0.02173693 0.00297875 -0.03325848 0.02340243 0.00297875 -0.03159299 0.02489083 0.00297875 -0.02977132 0.02618333 0.00297875 -0.02781638 0.02726383 0.00297875 -0.02575276 0.02811853 0.00297875 -0.0236064 0.02873693 0.00297875 -0.02140432 0.02911103 0.00297875 -0.01917418 0.02923633 0.00297875 -0.01694405 0.02911103 0.00297875 -0.01474196 0.02873693 0.00297875 -0.01259561 0.02811853 0.00297875 -0.01053198 0.02726383 0.00297875 -0.008577082 0.02618333 0.00297875 -0.006755382 0.02489083 0.00297875 -0.005089882 0.02340243 0.00297875 -0.003601482 0.02173693 0.00297875 -0.002308982 0.01991523 0.00297875 -0.001228482 0.01796029 0.00297875 -0.0003736824 0.01589667 0.00297875 0.0002446176 0.01375032 0.00297875 0.0006188176 0.01154823 0.00297875 0.0007440176 0.0093181 0.00297875 0.0006188176 0.00708796 0.00297875 0.0002446176 0.00488587 0.00297875 -0.0003736824 0.00273952 0.00297875 -0.001228482 0.0006759297 0.00297875 -0.002308982 -0.00127907 0.00297875 -0.003601482 -0.00310067 0.00297875 -0.005089882 -0.00476617 0.00297875 -0.006755382 -0.00625457 0.00297875 -0.008577082 -0.00754717 0.00297875 -0.01053198 -0.00862757 0.00297875 -0.01259561 -0.00948237 0.00297875 -0.01474196 -0.01010077 0.00297875 -0.01694405 -0.01047487 0.00297875 -0.01917418 -0.01060017 0.00297875 -0.02140432 -0.01047487 0.00297875 -0.0236064 -0.01010077 0.00239995 -0.01697089 -0.01023667 0.00239995 -0.01479531 -0.00986697 0.00239995 -0.0126748 -0.00925607 0.00239995 -0.01063598 -0.00841157 0.00239995 -0.008704582 -0.00734417 0.00239995 -0.006904882 -0.00606717 0.00239995 -0.005259382 -0.00459667 0.00239995 -0.003788982 -0.00295127 0.00239995 -0.002511982 -0.00115147 0.00239995 -0.001444482 0.0007799297 0.00239995 -0.0005999824 0.00281871 0.00239995 1.09176e-05 0.00493923 0.00239995 0.0003805176 0.00711481 0.00239995 0.0005043176 0.0093181 0.00239995 0.0003805176 0.01152138 0.00239995 1.09176e-05 0.01369697 0.00239995 -0.0005999824 0.01581748 0.00239995 -0.001444482 0.01785626 0.00239995 -0.002511982 0.01978767 0.00239995 -0.003788982 0.02158743 0.00239995 -0.005259382 0.02323283 0.00239995 -0.006904882 0.02470333 0.00239995 -0.008704582 0.02598033 0.00239995 -0.01063598 0.02704773 0.00239995 -0.0126748 0.02789223 0.00239995 -0.01479531 0.02850313 0.00239995 -0.01697089 0.02887283 0.00239995 -0.01917418 0.02899653 0.00239995 -0.02137747 0.02887283 0.00239995 -0.02355305 0.02850313 0.00239995 -0.02567357 0.02789223 0.00239995 -0.02771235 0.02704773 0.00239995 -0.02964376 0.02598033 0.00239995 -0.0314435 0.02470333 0.00239995 -0.03308898 0.02323283 0.00239995 -0.03455938 0.02158743 0.00239995 -0.03583638 0.01978767 0.00239995 -0.03690388 0.01785626 0.00239995 -0.03774838 0.01581748 0.00239995 -0.03835928 0.01369697 0.00239995 -0.03872888 0.01152138 0.00239995 -0.03885268 0.0093181 0.00239995 -0.03872888 0.00711481 0.00239995 -0.03835928 0.00493923 0.00239995 -0.03774838 0.00281871 0.00239995 -0.03690388 0.0007799297 0.00239995 -0.03583638 -0.00115147 0.00239995 -0.03455938 -0.00295127 0.00239995 -0.03308898 -0.00459667 0.00239995 -0.0314435 -0.00606717 0.00239995 -0.02964376 -0.00734417 0.00239995 -0.02771235 -0.00841157 0.00239995 -0.02567357 -0.00925607 0.00239995 -0.02355305 -0.00986697 0.00239995 -0.02137747 -0.01023667 0.00239995 -0.01917418 -0.01036037 0.00190285 -0.0170136 -0.00985767 0.00190285 -0.01488018 -0.00949517 0.00190285 -0.01280077 -0.00889607 0.00190285 -0.01080148 -0.00806797 0.00190285 -0.008907582 -0.00702117 0.00190285 -0.007142682 -0.00576897 0.00190285 -0.005529082 -0.00432697 0.00190285 -0.004087182 -0.00271347 0.00190285 -0.002834882 -0.0009485703 0.00190285 -0.001788182 0.0009454197 0.00190285 -0.0009599824 0.00294468 0.00190285 -0.0003609824 0.0050241 0.00190285 1.517602e-06 0.00715751 0.00190285 0.0001229176 0.0093181 0.00190285 1.517602e-06 0.01147868 0.00190285 -0.0003609824 0.0136121 0.00190285 -0.0009599824 0.01569151 0.00190285 -0.001788182 0.01769078 0.00190285 -0.002834882 0.01958475 0.00190285 -0.004087182 0.02134963 0.00190285 -0.005529082 0.02296313 0.00190285 -0.007142682 0.02440513 0.00190285 -0.008907582 0.02565743 0.00190285 -0.01080148 0.02670413 0.00190285 -0.01280077 0.02753223 0.00190285 -0.01488018 0.02813133 0.00190285 -0.0170136 0.02849383 0.00190285 -0.01917418 0.02861513 0.00190285 -0.02133477 0.02849383 0.00190285 -0.02346818 0.02813133 0.00190285 -0.0255476 0.02753223 0.00190285 -0.02754686 0.02670413 0.00190285 -0.02944084 0.02565743 0.00190285 -0.0312057 0.02440513 0.00190285 -0.03281928 0.02296313 0.00190285 -0.03426128 0.02134963 0.00190285 -0.03551348 0.01958475 0.00190285 -0.03656028 0.01769078 0.00190285 -0.03738838 0.01569151 0.00190285 -0.03798738 0.0136121 0.00190285 -0.03834988 0.01147868 0.00190285 -0.03847128 0.0093181 0.00190285 -0.03834988 0.00715751 0.00190285 -0.03798738 0.0050241 0.00190285 -0.03738838 0.00294468 0.00190285 -0.03656028 0.0009454197 0.00190285 -0.03551348 -0.0009485703 0.00190285 -0.03426128 -0.00271347 0.00190285 -0.03281928 -0.00432697 0.00190285 -0.0312057 -0.00576897 0.00190285 -0.02944084 -0.00702117 0.00190285 -0.02754686 -0.00806797 0.00190285 -0.0255476 -0.00889607 0.00190285 -0.02346818 -0.00949517 0.00190285 -0.02133477 -0.00985767 0.00190285 -0.01917418 -0.00997897 0.00152145 -0.01706925 -0.00936367 0.00152145 -0.01499079 -0.00901057 0.00152145 -0.01296494 -0.00842687 0.00152145 -0.01101718 -0.00762007 0.00152145 -0.009171982 -0.00660027 0.00152145 -0.007452582 -0.00538037 0.00152145 -0.005880582 -0.00397547 0.00152145 -0.004475782 -0.00240347 0.00152145 -0.003255782 -0.0006840703 0.00152145 -0.002235982 0.00116108 0.00152145 -0.001429182 0.00310885 0.00152145 -0.0008455824 0.0051347 0.00152145 -0.0004923824 0.00721316 0.00152145 -0.0003741824 0.0093181 0.00152145 -0.0004923824 0.01142303 0.00152145 -0.0008455824 0.01350149 0.00152145 -0.001429182 0.01552734 0.00152145 -0.002235982 0.01747511 0.00152145 -0.003255782 0.0193203 0.00152145 -0.004475782 0.02103973 0.00152145 -0.005880582 0.02261173 0.00152145 -0.007452582 0.02401653 0.00152145 -0.009171982 0.02523653 0.00152145 -0.01101718 0.02625633 0.00152145 -0.01296494 0.02706313 0.00152145 -0.01499079 0.02764673 0.00152145 -0.01706925 0.02799993 0.00152145 -0.01917418 0.02811813 0.00152145 -0.02127912 0.02799993 0.00152145 -0.02335758 0.02764673 0.00152145 -0.02538343 0.02706313 0.00152145 -0.0273312 0.02625633 0.00152145 -0.02917639 0.02523653 0.00152145 -0.03089579 0.02401653 0.00152145 -0.03246778 0.02261173 0.00152145 -0.03387258 0.02103973 0.00152145 -0.03509258 0.0193203 0.00152145 -0.03611238 0.01747511 0.00152145 -0.03691918 0.01552734 0.00152145 -0.03750278 0.01350149 0.00152145 -0.03785598 0.01142303 0.00152145 -0.03797418 0.0093181 0.00152145 -0.03785598 0.00721316 0.00152145 -0.03750278 0.0051347 0.00152145 -0.03691918 0.00310885 0.00152145 -0.03611238 0.00116108 0.00152145 -0.03509258 -0.0006840703 0.00152145 -0.03387258 -0.00240347 0.00152145 -0.03246778 -0.00397547 0.00152145 -0.03089579 -0.00538037 0.00152145 -0.02917639 -0.00660027 0.00152145 -0.0273312 -0.00762007 0.00152145 -0.02538343 -0.00842687 0.00152145 -0.02335758 -0.00901057 0.00152145 -0.02127912 -0.00936367 0.00152145 -0.01917418 -0.00948187 0.00128175 -0.01713406 -0.00878847 0.00128175 -0.01511959 -0.00844627 0.00128175 -0.01315611 -0.00788057 0.00128175 -0.01126828 -0.00709857 0.00128175 -0.009479982 -0.00611017 0.00128175 -0.007813482 -0.00492777 0.00128175 -0.006289882 -0.00356617 0.00128175 -0.004928282 -0.00204257 0.00128175 -0.003745882 -0.0003761703 0.00128175 -0.002757482 0.00141223 0.00128175 -0.001975582 0.00330003 0.00128175 -0.001409882 0.00526351 0.00128175 -0.001067582 0.00727797 0.00128175 -0.0009529824 0.0093181 0.00128175 -0.001067582 0.01135822 0.00128175 -0.001409882 0.01337269 0.00128175 -0.001975582 0.01533617 0.00128175 -0.002757482 0.01722396 0.00128175 -0.003745882 0.01901234 0.00128175 -0.004928282 0.02067881 0.00128175 -0.006289882 0.02220243 0.00128175 -0.007813482 0.02356393 0.00128175 -0.009479982 0.02474643 0.00128175 -0.01126828 0.02573483 0.00128175 -0.01315611 0.02651673 0.00128175 -0.01511959 0.02708243 0.00128175 -0.01713406 0.02742473 0.00128175 -0.01917418 0.02753923 0.00128175 -0.02121431 0.02742473 0.00128175 -0.02322877 0.02708243 0.00128175 -0.02519225 0.02651673 0.00128175 -0.02708005 0.02573483 0.00128175 -0.02886843 0.02474643 0.00128175 -0.03053489 0.02356393 0.00128175 -0.03205848 0.02220243 0.00128175 -0.03342008 0.02067881 0.00128175 -0.03460248 0.01901234 0.00128175 -0.03559088 0.01722396 0.00128175 -0.03637288 0.01533617 0.00128175 -0.03693848 0.01337269 0.00128175 -0.03728078 0.01135822 0.00128175 -0.03739538 0.0093181 0.00128175 -0.03728078 0.00727797 0.00128175 -0.03693848 0.00526351 0.00128175 -0.03637288 0.00330003 0.00128175 -0.03559088 0.00141223 0.00128175 -0.03460248 -0.0003761703 0.00128175 -0.03342008 -0.00204257 0.00128175 -0.03205848 -0.00356617 0.00128175 -0.03053489 -0.00492777 0.00128175 -0.02886843 -0.00611017 0.00128175 -0.02708005 -0.00709857 0.00128175 -0.02519225 -0.00788057 0.00128175 -0.02322877 -0.00844627 0.00128175 -0.02121431 -0.00878847 0.00128175 -0.01917418 -0.00890307 0.01542115 -0.01474196 -0.01010077 0.01542115 -0.008577082 -0.00754717 0.01542115 -0.002308982 -0.00127907 0.01542115 0.0002446176 0.00488587 0.01542115 0.0002446176 0.01375032 0.01542115 -0.002308982 0.01991523 0.01542115 -0.008577082 0.02618333 0.01542115 -0.01474196 0.02873693 0.01542115 -0.0236064 0.02873693 0.01542115 -0.02977132 0.02618333 0.01542115 -0.03603938 0.01991523 0.01542115 -0.03859298 0.01375032 0.01542115 -0.03859298 0.00488587 0.01542115 -0.03603938 -0.00127907 0.01542115 -0.02977132 -0.00754717 0.01542115 -0.0236064 -0.01010077 0.01711815 -0.007813482 -0.00492777 0.01711815 -0.001975582 0.01533617 0.01719995 -0.006729082 -0.00312697 0.01711815 -0.02121431 -0.00878847 0.01711815 -0.02322877 -0.00844627 0.01687845 -0.02127912 -0.00936367 0.01687845 -0.02335758 -0.00901057 0.01649705 -0.02133477 -0.00985767 0.01649705 -0.02346818 -0.00949517 0.01599995 -0.02137747 -0.01023667 0.01599995 -0.02355305 -0.00986697 0.01542115 -0.02140432 -0.01047487 0.01711815 -0.02708005 -0.00709857 0.01711815 -0.02886843 -0.00611017 0.01687845 -0.0273312 -0.00762007 0.01687845 -0.02917639 -0.00660027 0.01649705 -0.02754686 -0.00806797 0.01649705 -0.02944084 -0.00702117 0.01599995 -0.02771235 -0.00841157 0.01599995 -0.02964376 -0.00734417 0.01542115 -0.02781638 -0.00862757 0.01711815 -0.03342008 -0.00204257 0.01711815 -0.03460248 -0.0003761703 0.01687845 -0.03387258 -0.00240347 0.01687845 -0.03509258 -0.0006840703 0.01649705 -0.03426128 -0.00271347 0.01649705 -0.03551348 -0.0009485703 0.01599995 -0.03455938 -0.00295127 0.01599995 -0.03583638 -0.00115147 0.01542115 -0.03474688 -0.00310067 0.01711815 -0.03637288 0.00330003 0.01711815 -0.03693848 0.00526351 0.01687845 -0.03691918 0.00310885 0.01687845 -0.03750278 0.0051347 0.01649705 -0.03738838 0.00294468 0.01649705 -0.03798738 0.0050241 0.01599995 -0.03774838 0.00281871 0.01599995 -0.03835928 0.00493923 0.01542115 -0.03797468 0.00273952 0.01711815 -0.03728078 0.01135822 0.01711815 -0.03693848 0.01337269 0.01687845 -0.03785598 0.01142303 0.01687845 -0.03750278 0.01350149 0.01649705 -0.03834988 0.01147868 0.01649705 -0.03798738 0.0136121 0.01599995 -0.03872888 0.01152138 0.01599995 -0.03835928 0.01369697 0.01542115 -0.03896718 0.01154823 0.01711815 -0.03559088 0.01722396 0.01711815 -0.03460248 0.01901234 0.01687845 -0.03611238 0.01747511 0.01687845 -0.03509258 0.0193203 0.01649705 -0.03656028 0.01769078 0.01649705 -0.03551348 0.01958475 0.01599995 -0.03690388 0.01785626 0.01599995 -0.03583638 0.01978767 0.01542115 -0.03711988 0.01796029 0.01711815 -0.03053489 0.02356393 0.01711815 -0.02886843 0.02474643 0.01687845 -0.03089579 0.02401653 0.01687845 -0.02917639 0.02523653 0.01649705 -0.0312057 0.02440513 0.01649705 -0.02944084 0.02565743 0.01599995 -0.0314435 0.02470333 0.01599995 -0.02964376 0.02598033 0.01542115 -0.03159299 0.02489083 0.01711815 -0.02519225 0.02651673 0.01711815 -0.02322877 0.02708243 0.01687845 -0.02538343 0.02706313 0.01687845 -0.02335758 0.02764673 0.01649705 -0.0255476 0.02753223 0.01649705 -0.02346818 0.02813133 0.01599995 -0.02567357 0.02789223 0.01599995 -0.02355305 0.02850313 0.01542115 -0.02575276 0.02811853 0.01711815 -0.01713406 0.02742473 0.01711815 -0.01511959 0.02708243 0.01687845 -0.01706925 0.02799993 0.01687845 -0.01499079 0.02764673 0.01649705 -0.0170136 0.02849383 0.01649705 -0.01488018 0.02813133 0.01599995 -0.01697089 0.02887283 0.01599995 -0.01479531 0.02850313 0.01542115 -0.01694405 0.02911103 0.01711815 -0.01126828 0.02573483 0.01711815 -0.009479982 0.02474643 0.01687845 -0.01101718 0.02625633 0.01687845 -0.009171982 0.02523653 0.01649705 -0.01080148 0.02670413 0.01649705 -0.008907582 0.02565743 0.01599995 -0.01063598 0.02704773 0.01599995 -0.008704582 0.02598033 0.01542115 -0.01053198 0.02726383 0.01711815 -0.004928282 0.02067881 0.01711815 -0.003745882 0.01901234 0.01687845 -0.004475782 0.02103973 0.01687845 -0.003255782 0.0193203 0.01649705 -0.004087182 0.02134963 0.01649705 -0.002834882 0.01958475 0.01599995 -0.003788982 0.02158743 0.01599995 -0.002511982 0.01978767 0.01542115 -0.003601482 0.02173693 0.01711815 -0.001409882 0.01337269 0.01687845 -0.001429182 0.01552734 0.01687845 -0.0008455824 0.01350149 0.01649705 -0.0009599824 0.01569151 0.01649705 -0.0003609824 0.0136121 0.01599995 -0.0005999824 0.01581748 0.01599995 1.09176e-05 0.01369697 0.01542115 -0.0003736824 0.01589667 0.01711815 -0.001067582 0.00727797 0.01711815 -0.001409882 0.00526351 0.01687845 -0.0004923824 0.00721316 0.01687845 -0.0008455824 0.0051347 0.01649705 1.517602e-06 0.00715751 0.01649705 -0.0003609824 0.0050241 0.01599995 0.0003805176 0.00711481 0.01599995 1.09176e-05 0.00493923 0.01542115 0.0006188176 0.00708796 0.01711815 -0.002757482 0.00141223 0.01711815 -0.003745882 -0.0003761703 0.01687845 -0.002235982 0.00116108 0.01687845 -0.003255782 -0.0006840703 0.01649705 -0.001788182 0.0009454197 0.01649705 -0.002834882 -0.0009485703 0.01599995 -0.001444482 0.0007799297 0.01599995 -0.002511982 -0.00115147 0.01542115 -0.001228482 0.0006759297 0.01711815 -0.009479982 -0.00611017 0.01687845 -0.007452582 -0.00538037 0.01687845 -0.009171982 -0.00660027 0.01649705 -0.007142682 -0.00576897 0.01649705 -0.008907582 -0.00702117 0.01599995 -0.006904882 -0.00606717 0.01599995 -0.008704582 -0.00734417 0.01542115 -0.006755382 -0.00625457 0.01711815 -0.01315611 -0.00788057 0.01711815 -0.01511959 -0.00844627 0.01687845 -0.01296494 -0.00842687 0.01687845 -0.01499079 -0.00901057 0.01649705 -0.01280077 -0.00889607 0.01649705 -0.01488018 -0.00949517 0.01599995 -0.0126748 -0.00925607 0.01599995 -0.01479531 -0.00986697 0.01542115 -0.01259561 -0.00948237 0.01711815 -0.01917418 -0.00890307 0.01687845 -0.01917418 -0.00948187 0.01649705 -0.01917418 -0.00997897 0.01599995 -0.01917418 -0.01036037 0.01542115 -0.01917418 -0.01060017 0.01542115 -0.02575276 -0.00948237 0.01599995 -0.02567357 -0.00925607 0.01649705 -0.0255476 -0.00889607 0.01687845 -0.02538343 -0.00842687 0.01711815 -0.02519225 -0.00788057 0.01542115 -0.03159299 -0.00625457 0.01599995 -0.0314435 -0.00606717 0.01649705 -0.0312057 -0.00576897 0.01687845 -0.03089579 -0.00538037 0.01711815 -0.03053489 -0.00492777 0.01711815 -0.03205848 -0.00356617 0.01687845 -0.03246778 -0.00397547 0.01649705 -0.03281928 -0.00432697 0.01599995 -0.03308898 -0.00459667 0.01542115 -0.03325848 -0.00476617 0.01542115 -0.03711988 0.0006759297 0.01599995 -0.03690388 0.0007799297 0.01649705 -0.03656028 0.0009454197 0.01687845 -0.03611238 0.00116108 0.01711815 -0.03559088 0.00141223 0.01542115 -0.03896718 0.00708796 0.01599995 -0.03872888 0.00711481 0.01649705 -0.03834988 0.00715751 0.01687845 -0.03785598 0.00721316 0.01711815 -0.03728078 0.00727797 0.01711815 -0.03739538 0.0093181 0.01687845 -0.03797418 0.0093181 0.01649705 -0.03847128 0.0093181 0.01599995 -0.03885268 0.0093181 0.01542115 -0.03909238 0.0093181 0.01542115 -0.03797468 0.01589667 0.01599995 -0.03774838 0.01581748 0.01649705 -0.03738838 0.01569151 0.01687845 -0.03691918 0.01552734 0.01711815 -0.03637288 0.01533617 0.01542115 -0.03474688 0.02173693 0.01599995 -0.03455938 0.02158743 0.01649705 -0.03426128 0.02134963 0.01687845 -0.03387258 0.02103973 0.01711815 -0.03342008 0.02067881 0.01711815 -0.03205848 0.02220243 0.01687845 -0.03246778 0.02261173 0.01649705 -0.03281928 0.02296313 0.01599995 -0.03308898 0.02323283 0.01542115 -0.03325848 0.02340243 0.01542115 -0.02781638 0.02726383 0.01599995 -0.02771235 0.02704773 0.01649705 -0.02754686 0.02670413 0.01687845 -0.0273312 0.02625633 0.01711815 -0.02708005 0.02573483 0.01542115 -0.02140432 0.02911103 0.01599995 -0.02137747 0.02887283 0.01649705 -0.02133477 0.02849383 0.01687845 -0.02127912 0.02799993 0.01711815 -0.02121431 0.02742473 0.01711815 -0.01917418 0.02753923 0.01687845 -0.01917418 0.02811813 0.01649705 -0.01917418 0.02861513 0.01599995 -0.01917418 0.02899653 0.01542115 -0.01917418 0.02923633 0.01542115 -0.01259561 0.02811853 0.01599995 -0.0126748 0.02789223 0.01649705 -0.01280077 0.02753223 0.01687845 -0.01296494 0.02706313 0.01711815 -0.01315611 0.02651673 0.01542115 -0.006755382 0.02489083 0.01599995 -0.006904882 0.02470333 0.01649705 -0.007142682 0.02440513 0.01687845 -0.007452582 0.02401653 0.01711815 -0.007813482 0.02356393 0.01711815 -0.006289882 0.02220243 0.01687845 -0.005880582 0.02261173 0.01649705 -0.005529082 0.02296313 0.01599995 -0.005259382 0.02323283 0.01542115 -0.005089882 0.02340243 0.01542115 -0.001228482 0.01796029 0.01599995 -0.001444482 0.01785626 0.01649705 -0.001788182 0.01769078 0.01687845 -0.002235982 0.01747511 0.01711815 -0.002757482 0.01722396 0.01542115 0.0006188176 0.01154823 0.01599995 0.0003805176 0.01152138 0.01649705 1.517602e-06 0.01147868 0.01687845 -0.0004923824 0.01142303 0.01711815 -0.001067582 0.01135822 0.01711815 -0.0009529824 0.0093181 0.01687845 -0.0003741824 0.0093181 0.01649705 0.0001229176 0.0093181 0.01599995 0.0005043176 0.0093181 0.01542115 0.0007440176 0.0093181 0.01542115 -0.0003736824 0.00273952 0.01599995 -0.0005999824 0.00281871 0.01649705 -0.0009599824 0.00294468 0.01687845 -0.001429182 0.00310885 0.01711815 -0.001975582 0.00330003 0.01542115 -0.003601482 -0.00310067 0.01599995 -0.003788982 -0.00295127 0.01649705 -0.004087182 -0.00271347 0.01687845 -0.004475782 -0.00240347 0.01711815 -0.004928282 -0.00204257 0.01711815 -0.006289882 -0.00356617 0.01687845 -0.005880582 -0.00397547 0.01649705 -0.005529082 -0.00432697 0.01599995 -0.005259382 -0.00459667 0.01542115 -0.005089882 -0.00476617 0.01719995 -0.002561882 0.01513101 0.01719995 -0.002015482 0.01323446 0.01719995 -0.001684882 0.01128867 0.01719995 -0.001574182 0.0093181 0.01719995 -0.001684882 0.00734752 0.01719995 -0.002015482 0.00540173 0.01719995 -0.002561882 0.00350518 0.01719995 -0.003317182 0.00168174 0.01719995 -0.004271882 -4.567034e-05 0.01719995 -0.005413982 -0.00165537 0.01542115 -0.01053198 -0.00862757 0.01599995 -0.01063598 -0.00841157 0.01649705 -0.01080148 -0.00806797 0.01687845 -0.01101718 -0.00762007 0.01711815 -0.01126828 -0.00709857 0.01542115 -0.01694405 -0.01047487 0.01599995 -0.01697089 -0.01023667 0.01649705 -0.0170136 -0.00985767 0.01687845 -0.01706925 -0.00936367 0.01711815 -0.01713406 -0.00878847 -0.01880005 0.01042582 0.0029181 -0.01640005 0.01042582 0.0029181 -0.01583058 0.01042582 -0.00211487 -0.01640005 0.01042582 0.0157181 -0.00441875 0.01042582 0.0067673 -0.00723055 0.01042582 0.00580202 -0.00984515 0.01042582 0.00438709 -0.01219112 0.01042582 0.00256113 -0.01420458 0.01042582 0.0003739297 0.00984505 0.01042582 0.00438709 0.00723045 0.01042582 0.00580202 0.00441865 0.01042582 0.0067673 0.00148635 0.01042582 0.00725662 -0.00148645 0.01042582 0.00725662 0.01702465 0.01042582 -0.00483727 0.01583045 0.01042582 -0.00211487 0.01420445 0.01042582 0.0003739297 0.01219105 0.01042582 0.00256113 0.01775445 0.01042582 -0.00771917 0.01879995 0.01042582 0.0029181 0.01879995 0.01042582 -0.01068187 -0.01702476 0.01042582 -0.00483727 -0.01775455 0.01042582 -0.00771917 -0.01880005 0.01042582 -0.01068187 -0.01800005 0.01042582 -0.01068187 -0.01854364 0.01042582 -0.01377627 -0.01775455 0.01042582 -0.01364457 -0.01778141 0.01042582 -0.01678627 -0.01702476 0.01042582 -0.01652647 -0.01653416 0.01042582 -0.01962967 -0.01583058 0.01042582 -0.01924897 -0.01483589 0.01042582 -0.02222907 -0.01420458 0.01042582 -0.02173777 -0.01273294 0.01042582 -0.02451347 -0.01219112 0.01042582 -0.02392497 -0.01028265 0.01042582 -0.02642067 -0.00984515 0.01042582 -0.02575087 -0.00755195 0.01042582 -0.02789847 -0.00723055 0.01042582 -0.02716587 -0.00461515 0.01042582 -0.02890667 -0.00441875 0.01042582 -0.02813107 -0.00155255 0.01042582 -0.02941767 -0.00148645 0.01042582 -0.02862047 0.00155245 0.01042582 -0.02941767 0.00148635 0.01042582 -0.02862047 0.00461505 0.01042582 -0.02890667 0.00441865 0.01042582 -0.02813107 0.00755185 0.01042582 -0.02789847 0.00723045 0.01042582 -0.02716587 0.01028255 0.01042582 -0.02642067 0.00984505 0.01042582 -0.02575087 0.01273285 0.01042582 -0.02451347 0.01219105 0.01042582 -0.02392497 0.01483575 0.01042582 -0.02222907 0.01420445 0.01042582 -0.02173777 0.01653405 0.01042582 -0.01962967 0.01583045 0.01042582 -0.01924897 0.01778135 0.01042582 -0.01678627 0.01702465 0.01042582 -0.01652647 0.01854355 0.01042582 -0.01377627 0.01775445 0.01042582 -0.01364457 0.01799995 0.01042582 -0.01068187 0.01719995 0.008825818 -0.01068187 0.01719995 0.008825818 0.0029181 -0.01640005 0.008825818 0.0157181 -0.01640005 0.008825818 0.0029181 0.01483575 0.008825818 -0.02222907 0.01653405 0.008825818 -0.01962967 -0.01028265 0.008825818 -0.02642067 -0.01273294 0.008825818 -0.02451347 -0.01720005 0.008825818 -0.01068187 -0.01720005 0.008825818 0.0029181 0.00155245 0.008825818 -0.02941767 0.00461505 0.008825818 -0.02890667 0.00755185 0.008825818 -0.02789847 0.01028255 0.008825818 -0.02642067 0.01273285 0.008825818 -0.02451347 0.01778135 0.008825818 -0.01678627 0.01854355 0.008825818 -0.01377627 0.01879995 0.008825818 -0.01068187 -0.00755195 0.008825818 -0.02789847 -0.00461515 0.008825818 -0.02890667 -0.00155255 0.008825818 -0.02941767 -0.01880005 0.008825818 -0.01068187 -0.01854364 0.008825818 -0.01377627 -0.01778141 0.008825818 -0.01678627 -0.01653416 0.008825818 -0.01962967 -0.01483589 0.008825818 -0.02222907 -0.01640005 0.01042582 0.0157181 -0.01640005 0.008825818 0.0157181 -0.01871827 0.008647018 0.0157181 -0.01871827 0.008647018 0.0029181 -0.01847851 0.009225818 0.0157181 -0.01847851 0.009225818 0.0029181 -0.01809711 0.009722918 0.0157181 -0.01809711 0.009722918 0.0029181 -0.01760005 0.01010432 0.0157181 -0.01760005 0.01010432 0.0029181 -0.01702122 0.01034402 0.0157181 -0.01702122 0.01034402 0.0029181 -0.01660711 0.008798518 0.0029181 -0.01660711 0.008798518 0.0157181 -0.01680005 0.008718618 0.0029181 -0.01680005 0.008718618 0.0157181 -0.01696574 0.008591518 0.0029181 -0.01696574 0.008591518 0.0157181 -0.01709287 0.008425818 0.0029181 -0.01709287 0.008425818 0.0157181 -0.01717279 0.008232918 0.0029181 -0.01717279 0.008232918 0.0157181 -0.01640005 0.008825818 0.0029181 -0.01660711 0.008798518 0.0029181 -0.01720005 0.008825818 0.0029181 -0.01680005 0.008718618 0.0029181 -0.01696574 0.008591518 0.0029181 -0.01709287 0.008425818 0.0029181 -0.01717279 0.008232918 0.0029181 -0.01720005 0.008025818 0.0029181 -0.01660711 0.008798518 0.0157181 -0.01702122 0.01034402 0.0157181 -0.01680005 0.008718618 0.0157181 -0.01760005 0.01010432 0.0157181 -0.01696574 0.008591518 0.0157181 -0.01809711 0.009722918 0.0157181 -0.01709287 0.008425818 0.0157181 -0.01847851 0.009225818 0.0157181 -0.01717279 0.008232918 0.0157181 -0.01871827 0.008647018 0.0157181 -0.01854364 0.01042582 -0.01377627 -0.01854364 0.008825818 -0.01377627 -0.01778141 0.01042582 -0.01678627 -0.01778141 0.008825818 -0.01678627 -0.01653416 0.01042582 -0.01962967 -0.01653416 0.008825818 -0.01962967 -0.01483589 0.01042582 -0.02222907 -0.01483589 0.008825818 -0.02222907 -0.01273294 0.01042582 -0.02451347 -0.01273294 0.008825818 -0.02451347 -0.01028265 0.01042582 -0.02642067 -0.01028265 0.008825818 -0.02642067 -0.00755195 0.01042582 -0.02789847 -0.00755195 0.008825818 -0.02789847 -0.00461515 0.01042582 -0.02890667 -0.00461515 0.008825818 -0.02890667 -0.00155255 0.01042582 -0.02941767 -0.00155255 0.008825818 -0.02941767 0.00155245 0.01042582 -0.02941767 0.00155245 0.008825818 -0.02941767 0.00461505 0.01042582 -0.02890667 0.00461505 0.008825818 -0.02890667 0.00755185 0.01042582 -0.02789847 0.00755185 0.008825818 -0.02789847 0.01028255 0.01042582 -0.02642067 0.01028255 0.008825818 -0.02642067 0.01273285 0.01042582 -0.02451347 0.01273285 0.008825818 -0.02451347 0.01483575 0.01042582 -0.02222907 0.01483575 0.008825818 -0.02222907 0.01653405 0.01042582 -0.01962967 0.01653405 0.008825818 -0.01962967 0.01778135 0.01042582 -0.01678627 0.01778135 0.008825818 -0.01678627 0.01854355 0.01042582 -0.01377627 0.01854355 0.008825818 -0.01377627 0.01719995 -0.02100946 0.0155818 0.01879995 -0.02100946 0.0155818 0.01719995 -0.02197419 0.0151822 0.01879995 -0.02197419 0.0151822 0.01719995 -0.02280261 0.01454652 0.01879995 -0.02280261 0.01454652 0.01719995 -0.02343829 0.0137181 0.01879995 -0.02343829 0.0137181 0.01719995 -0.02383789 0.01275337 0.01879995 -0.02383789 0.01275337 -0.01720005 -0.02383789 0.01275337 -0.01880005 -0.02383789 0.01275337 -0.01720005 -0.02343829 0.0137181 -0.01880005 -0.02343829 0.0137181 -0.01720005 -0.02280261 0.01454652 -0.01880005 -0.02280261 0.01454652 -0.01720005 -0.02197419 0.0151822 -0.01880005 -0.02197419 0.0151822 -0.01720005 -0.02100946 0.0155818 -0.01880005 -0.02100946 0.0155818 -0.01760005 0.01922582 0.0145181 -0.01702476 0.01922582 -0.00483727 -0.01583058 0.01922582 -0.00211487 -0.0166683 0.01922582 0.02159543 -4.982423e-08 0.01922582 0.02531813 -0.01760005 0.01922582 0.02171813 -0.02080005 0.01922582 0.02531813 -0.0185318 0.01922582 0.02159543 -0.01940005 0.01922582 0.02123583 -0.0166683 0.01922582 0.01464076 -4.982423e-08 0.01922582 -0.03228187 -0.00441875 0.01922582 -0.02813107 -0.02480005 0.01922582 -0.03228187 -0.00723055 0.01922582 -0.02716587 -0.00984515 0.01922582 -0.02575087 -0.01219112 0.01922582 -0.02392497 -0.01420458 0.01922582 -0.02173777 -0.01583058 0.01922582 -0.01924897 -0.01702476 0.01922582 -0.01652647 -0.01775455 0.01922582 -0.01364457 -0.01800005 0.01922582 -0.01068187 -0.02107738 0.01922582 0.01718635 -0.02480005 0.01922582 0.02131813 -0.02071774 0.01922582 0.0163181 -0.02014563 0.01922582 0.01557251 -0.01940005 0.01922582 0.0150004 -0.01580005 0.01922582 0.02123583 -0.01505447 0.01922582 0.02066368 -0.01448236 0.01922582 0.0199181 -0.0185318 0.01922582 0.01464076 -0.01775455 0.01922582 -0.00771917 -0.02183533 0.01922582 0.02518183 -0.02280005 0.01922582 0.02478223 -0.02014563 0.01922582 0.02066368 -0.01412272 0.01922582 0.01904984 -0.01400005 0.01922582 0.0181181 -4.982423e-08 0.01922582 0.0073181 -0.01448236 0.01922582 0.0163181 -0.01505447 0.01922582 0.01557251 -0.00441875 0.01922582 0.0067673 -0.02120005 0.01922582 0.0181181 -0.02107738 0.01922582 0.01904984 -0.02466375 0.01922582 0.02235333 -0.02071774 0.01922582 0.0199181 -0.02426415 0.01922582 0.02331813 -0.02362848 0.01922582 0.02414653 -0.01412272 0.01922582 0.01718635 -0.00148645 0.01922582 0.00725662 -0.01420458 0.01922582 0.0003739297 -0.01219112 0.01922582 0.00256113 -0.01580005 0.01922582 0.0150004 -0.00984515 0.01922582 0.00438709 -0.00723055 0.01922582 0.00580202 0.02071765 0.01922582 0.0199181 0.02107725 0.01922582 0.01904984 0.02479995 0.01922582 0.02131813 0.01505435 0.01922582 0.02066368 0.01448225 0.01922582 0.0199181 0.01412265 0.01922582 0.01904984 0.01579995 0.01922582 0.02123583 0.01666825 0.01922582 0.02159543 0.02079995 0.01922582 0.02531813 0.02014555 0.01922582 0.01557251 0.01939995 0.01922582 0.0150004 0.02479995 0.01922582 -0.03228187 0.01853165 0.01922582 0.01464076 0.01759995 0.01922582 0.0145181 0.00148635 0.01922582 -0.02862047 -4.982423e-08 0.01922582 -0.02862047 -0.00148645 0.01922582 -0.02862047 0.01666825 0.01922582 0.01464076 0.01579995 0.01922582 0.0150004 0.00984505 0.01922582 0.00438709 0.00723045 0.01922582 0.00580202 0.01505435 0.01922582 0.01557251 0.00441865 0.01922582 0.0067673 0.00148635 0.01922582 0.00725662 0.01448225 0.01922582 0.0163181 0.01412265 0.01922582 0.01718635 0.01399995 0.01922582 0.0181181 0.02119995 0.01922582 0.0181181 0.02107725 0.01922582 0.01718635 0.02071765 0.01922582 0.0163181 0.02466365 0.01922582 0.02235333 0.02426405 0.01922582 0.02331813 0.02014555 0.01922582 0.02066368 0.01219105 0.01922582 0.00256113 0.01420445 0.01922582 0.0003739297 0.01583045 0.01922582 -0.00211487 0.01775445 0.01922582 -0.01364457 0.01702465 0.01922582 -0.01652647 0.01759995 0.01922582 0.02171813 0.01853165 0.01922582 0.02159543 0.02183525 0.01922582 0.02518183 0.01939995 0.01922582 0.02123583 0.02279995 0.01922582 0.02478223 0.02362835 0.01922582 0.02414653 0.01583045 0.01922582 -0.01924897 0.01420445 0.01922582 -0.02173777 0.01219105 0.01922582 -0.02392497 0.00984505 0.01922582 -0.02575087 0.00723045 0.01922582 -0.02716587 0.00441865 0.01922582 -0.02813107 0.01702465 0.01922582 -0.00483727 0.01775445 0.01922582 -0.00771917 0.01799995 0.01922582 -0.01068187 0.01412265 0.01922582 -0.04041367 0.01399995 0.01922582 -0.03948187 -4.982423e-08 0.01922582 -0.04668187 0.01448225 0.01922582 -0.03768187 0.01505435 0.01922582 -0.03693627 0.01412265 0.01922582 -0.03855017 0.01853165 0.01922582 -0.03600457 0.01939995 0.01922582 -0.03636417 0.02014555 0.01922582 -0.03693627 0.01939995 0.01922582 -0.04259957 0.01853165 0.01922582 -0.04295927 0.02079995 0.01922582 -0.04668187 0.01759995 0.01922582 -0.04308187 0.01666825 0.01922582 -0.04295927 0.01579995 0.01922582 -0.04259957 0.02071765 0.01922582 -0.03768187 0.02107725 0.01922582 -0.03855017 0.02479995 0.01922582 -0.04268187 0.01505435 0.01922582 -0.04202747 0.01448225 0.01922582 -0.04128187 0.01579995 0.01922582 -0.03636417 0.01666825 0.01922582 -0.03600457 0.01759995 0.01922582 -0.03588187 0.02183525 0.01922582 -0.04654557 0.02279995 0.01922582 -0.04614597 0.02014555 0.01922582 -0.04202747 0.02119995 0.01922582 -0.03948187 0.02107725 0.01922582 -0.04041367 0.02466365 0.01922582 -0.04371717 0.02071765 0.01922582 -0.04128187 0.02426405 0.01922582 -0.04468187 0.02362835 0.01922582 -0.04551037 -0.02071774 0.01922582 -0.03768187 -0.02014563 0.01922582 -0.03693627 -0.01940005 0.01922582 -0.03636417 -0.01580005 0.01922582 -0.03636417 -0.01505447 0.01922582 -0.03693627 -0.02080005 0.01922582 -0.04668187 -0.0166683 0.01922582 -0.04295927 -0.02071774 0.01922582 -0.04128187 -0.02107738 0.01922582 -0.04041367 -0.02480005 0.01922582 -0.04268187 -0.02120005 0.01922582 -0.03948187 -0.02107738 0.01922582 -0.03855017 -0.0185318 0.01922582 -0.03600457 -0.01760005 0.01922582 -0.03588187 -0.0166683 0.01922582 -0.03600457 -0.01760005 0.01922582 -0.04308187 -0.0185318 0.01922582 -0.04295927 -0.02183533 0.01922582 -0.04654557 -0.01940005 0.01922582 -0.04259957 -0.02280005 0.01922582 -0.04614597 -0.02014563 0.01922582 -0.04202747 -0.02466375 0.01922582 -0.04371717 -0.02426415 0.01922582 -0.04468187 -0.02362848 0.01922582 -0.04551037 -0.01412272 0.01922582 -0.04041367 -0.01448236 0.01922582 -0.04128187 -0.01448236 0.01922582 -0.03768187 -0.01412272 0.01922582 -0.03855017 -0.01400005 0.01922582 -0.03948187 -0.01505447 0.01922582 -0.04202747 -0.01580005 0.01922582 -0.04259957 -0.02480005 0.01922582 0.02131813 -0.02480005 0.02082582 0.02131813 -0.02480005 0.01922582 -0.03228187 -0.02480005 0.02082582 -0.04268187 -0.02480005 0.01922582 -0.04268187 -0.02080005 0.01922582 -0.04668187 -0.02080005 0.02082582 -0.04668187 -4.982423e-08 0.01922582 -0.04668187 0.02079995 0.02082582 -0.04668187 0.02079995 0.01922582 -0.04668187 0.02479995 0.01922582 -0.04268187 0.02479995 0.02082582 -0.04268187 0.02479995 0.01922582 -0.03228187 0.02479995 0.02082582 0.02131813 0.02479995 0.01922582 0.02131813 0.02079995 0.01922582 0.02531813 0.02079995 0.02082582 0.02531813 -4.982423e-08 0.01922582 0.02531813 -0.02080005 0.02082582 0.02531813 -0.02080005 0.01922582 0.02531813 -0.02183533 0.02082582 0.02518183 -0.02183533 0.01922582 0.02518183 -0.02280005 0.02082582 0.02478223 -0.02280005 0.01922582 0.02478223 -0.02362848 0.02082582 0.02414653 -0.02362848 0.01922582 0.02414653 -0.02426415 0.02082582 0.02331813 -0.02426415 0.01922582 0.02331813 -0.02466375 0.02082582 0.02235333 -0.02466375 0.01922582 0.02235333 0.02466365 0.02082582 0.02235333 0.02466365 0.01922582 0.02235333 0.02426405 0.02082582 0.02331813 0.02426405 0.01922582 0.02331813 0.02362835 0.02082582 0.02414653 0.02362835 0.01922582 0.02414653 0.02279995 0.02082582 0.02478223 0.02279995 0.01922582 0.02478223 0.02183525 0.02082582 0.02518183 0.02183525 0.01922582 0.02518183 -0.02466375 0.02082582 -0.04371717 -0.02466375 0.01922582 -0.04371717 -0.02426415 0.02082582 -0.04468187 -0.02426415 0.01922582 -0.04468187 -0.02362848 0.02082582 -0.04551037 -0.02362848 0.01922582 -0.04551037 -0.02280005 0.02082582 -0.04614597 -0.02280005 0.01922582 -0.04614597 -0.02183533 0.02082582 -0.04654557 -0.02183533 0.01922582 -0.04654557 0.02183525 0.02082582 -0.04654557 0.02183525 0.01922582 -0.04654557 0.02279995 0.02082582 -0.04614597 0.02279995 0.01922582 -0.04614597 0.02362835 0.02082582 -0.04551037 0.02362835 0.01922582 -0.04551037 0.02426405 0.02082582 -0.04468187 0.02426405 0.01922582 -0.04468187 0.02466365 0.02082582 -0.04371717 0.02466365 0.01922582 -0.04371717 0.01759995 0.01922582 -0.03588187 0.01759995 0.02082582 -0.03588187 0.01853165 0.01922582 -0.03600457 0.01853165 0.02082582 -0.03600457 0.01939995 0.01922582 -0.03636417 0.01939995 0.02082582 -0.03636417 0.02014555 0.01922582 -0.03693627 0.02014555 0.02082582 -0.03693627 0.02071765 0.01922582 -0.03768187 0.02071765 0.02082582 -0.03768187 0.02107725 0.01922582 -0.03855017 0.02107725 0.02082582 -0.03855017 0.02119995 0.01922582 -0.03948187 0.02119995 0.02082582 -0.03948187 0.02107725 0.01922582 -0.04041367 0.02107725 0.02082582 -0.04041367 0.02071765 0.01922582 -0.04128187 0.02071765 0.02082582 -0.04128187 0.02014555 0.01922582 -0.04202747 0.02014555 0.02082582 -0.04202747 0.01939995 0.01922582 -0.04259957 0.01939995 0.02082582 -0.04259957 0.01853165 0.01922582 -0.04295927 0.01853165 0.02082582 -0.04295927 0.01759995 0.01922582 -0.04308187 0.01759995 0.02082582 -0.04308187 0.01666825 0.01922582 -0.04295927 0.01666825 0.02082582 -0.04295927 0.01579995 0.01922582 -0.04259957 0.01579995 0.02082582 -0.04259957 0.01505435 0.01922582 -0.04202747 0.01505435 0.02082582 -0.04202747 0.01448225 0.01922582 -0.04128187 0.01448225 0.02082582 -0.04128187 0.01412265 0.01922582 -0.04041367 0.01412265 0.02082582 -0.04041367 0.01399995 0.01922582 -0.03948187 0.01399995 0.02082582 -0.03948187 0.01412265 0.01922582 -0.03855017 0.01412265 0.02082582 -0.03855017 0.01448225 0.01922582 -0.03768187 0.01448225 0.02082582 -0.03768187 0.01505435 0.01922582 -0.03693627 0.01505435 0.02082582 -0.03693627 0.01579995 0.01922582 -0.03636417 0.01579995 0.02082582 -0.03636417 0.01666825 0.01922582 -0.03600457 0.01666825 0.02082582 -0.03600457 0.01759995 0.01922582 0.02171813 0.01759995 0.02082582 0.02171813 0.01853165 0.01922582 0.02159543 0.01853165 0.02082582 0.02159543 0.01939995 0.01922582 0.02123583 0.01939995 0.02082582 0.02123583 0.02014555 0.01922582 0.02066368 0.02014555 0.02082582 0.02066368 0.02071765 0.01922582 0.0199181 0.02071765 0.02082582 0.0199181 0.02107725 0.01922582 0.01904984 0.02107725 0.02082582 0.01904984 0.02119995 0.01922582 0.0181181 0.02119995 0.02082582 0.0181181 0.02107725 0.01922582 0.01718635 0.02107725 0.02082582 0.01718635 0.02071765 0.01922582 0.0163181 0.02071765 0.02082582 0.0163181 0.02014555 0.01922582 0.01557251 0.02014555 0.02082582 0.01557251 0.01939995 0.01922582 0.0150004 0.01939995 0.02082582 0.0150004 0.01853165 0.01922582 0.01464076 0.01853165 0.02082582 0.01464076 0.01759995 0.01922582 0.0145181 0.01759995 0.02082582 0.0145181 0.01666825 0.01922582 0.01464076 0.01666825 0.02082582 0.01464076 0.01579995 0.01922582 0.0150004 0.01579995 0.02082582 0.0150004 0.01505435 0.01922582 0.01557251 0.01505435 0.02082582 0.01557251 0.01448225 0.01922582 0.0163181 0.01448225 0.02082582 0.0163181 0.01412265 0.01922582 0.01718635 0.01412265 0.02082582 0.01718635 0.01399995 0.01922582 0.0181181 0.01399995 0.02082582 0.0181181 0.01412265 0.01922582 0.01904984 0.01412265 0.02082582 0.01904984 0.01448225 0.01922582 0.0199181 0.01448225 0.02082582 0.0199181 0.01505435 0.01922582 0.02066368 0.01505435 0.02082582 0.02066368 0.01579995 0.01922582 0.02123583 0.01579995 0.02082582 0.02123583 0.01666825 0.01922582 0.02159543 0.01666825 0.02082582 0.02159543 -0.01760005 0.01922582 0.02171813 -0.01760005 0.02082582 0.02171813 -0.0166683 0.01922582 0.02159543 -0.0166683 0.02082582 0.02159543 -0.01580005 0.01922582 0.02123583 -0.01580005 0.02082582 0.02123583 -0.01505447 0.01922582 0.02066368 -0.01505447 0.02082582 0.02066368 -0.01448236 0.01922582 0.0199181 -0.01448236 0.02082582 0.0199181 -0.01412272 0.01922582 0.01904984 -0.01412272 0.02082582 0.01904984 -0.01400005 0.01922582 0.0181181 -0.01400005 0.02082582 0.0181181 -0.01412272 0.01922582 0.01718635 -0.01412272 0.02082582 0.01718635 -0.01448236 0.01922582 0.0163181 -0.01448236 0.02082582 0.0163181 -0.01505447 0.01922582 0.01557251 -0.01505447 0.02082582 0.01557251 -0.01580005 0.01922582 0.0150004 -0.01580005 0.02082582 0.0150004 -0.0166683 0.01922582 0.01464076 -0.0166683 0.02082582 0.01464076 -0.01760005 0.01922582 0.0145181 -0.01760005 0.02082582 0.0145181 -0.0185318 0.01922582 0.01464076 -0.0185318 0.02082582 0.01464076 -0.01940005 0.01922582 0.0150004 -0.01940005 0.02082582 0.0150004 -0.02014563 0.01922582 0.01557251 -0.02014563 0.02082582 0.01557251 -0.02071774 0.01922582 0.0163181 -0.02071774 0.02082582 0.0163181 -0.02107738 0.01922582 0.01718635 -0.02107738 0.02082582 0.01718635 -0.02120005 0.01922582 0.0181181 -0.02120005 0.02082582 0.0181181 -0.02107738 0.01922582 0.01904984 -0.02107738 0.02082582 0.01904984 -0.02071774 0.01922582 0.0199181 -0.02071774 0.02082582 0.0199181 -0.02014563 0.01922582 0.02066368 -0.02014563 0.02082582 0.02066368 -0.01940005 0.01922582 0.02123583 -0.01940005 0.02082582 0.02123583 -0.0185318 0.01922582 0.02159543 -0.0185318 0.02082582 0.02159543 -0.01760005 0.01922582 -0.03588187 -0.01760005 0.02082582 -0.03588187 -0.0166683 0.01922582 -0.03600457 -0.0166683 0.02082582 -0.03600457 -0.01580005 0.01922582 -0.03636417 -0.01580005 0.02082582 -0.03636417 -0.01505447 0.01922582 -0.03693627 -0.01505447 0.02082582 -0.03693627 -0.01448236 0.01922582 -0.03768187 -0.01448236 0.02082582 -0.03768187 -0.01412272 0.01922582 -0.03855017 -0.01412272 0.02082582 -0.03855017 -0.01400005 0.01922582 -0.03948187 -0.01400005 0.02082582 -0.03948187 -0.01412272 0.01922582 -0.04041367 -0.01412272 0.02082582 -0.04041367 -0.01448236 0.01922582 -0.04128187 -0.01448236 0.02082582 -0.04128187 -0.01505447 0.01922582 -0.04202747 -0.01505447 0.02082582 -0.04202747 -0.01580005 0.01922582 -0.04259957 -0.01580005 0.02082582 -0.04259957 -0.0166683 0.01922582 -0.04295927 -0.0166683 0.02082582 -0.04295927 -0.01760005 0.01922582 -0.04308187 -0.01760005 0.02082582 -0.04308187 -0.0185318 0.01922582 -0.04295927 -0.0185318 0.02082582 -0.04295927 -0.01940005 0.01922582 -0.04259957 -0.01940005 0.02082582 -0.04259957 -0.02014563 0.01922582 -0.04202747 -0.02014563 0.02082582 -0.04202747 -0.02071774 0.01922582 -0.04128187 -0.02071774 0.02082582 -0.04128187 -0.02107738 0.01922582 -0.04041367 -0.02107738 0.02082582 -0.04041367 -0.02120005 0.01922582 -0.03948187 -0.02120005 0.02082582 -0.03948187 -0.02107738 0.01922582 -0.03855017 -0.02107738 0.02082582 -0.03855017 -0.02071774 0.01922582 -0.03768187 -0.02071774 0.02082582 -0.03768187 -0.02014563 0.01922582 -0.03693627 -0.02014563 0.02082582 -0.03693627 -0.01940005 0.01922582 -0.03636417 -0.01940005 0.02082582 -0.03636417 -0.0185318 0.01922582 -0.03600457 -0.0185318 0.02082582 -0.03600457 -0.01880005 -0.02386373 0.00465627 -0.01720005 -0.02386373 0.00465627 -0.01880005 -0.02353847 0.00377432 -0.01720005 -0.02353847 0.00377432 -0.01880005 -0.02301637 0.00299264 -0.01720005 -0.02301637 0.00299264 -0.01880005 -0.02232626 0.00235438 -0.01720005 -0.02232626 0.00235438 0.01879995 -0.02232626 0.00235438 0.01719995 -0.02232626 0.00235438 0.01879995 -0.02301637 0.00299264 0.01719995 -0.02301637 0.00299264 0.01879995 -0.02353847 0.00377432 0.01719995 -0.02353847 0.00377432 0.01879995 -0.02386373 0.00465627 0.01719995 -0.02386373 0.00465627</float_array>
          <technique_common>
            <accessor count="2811" source="#verts-array-array" stride="3">
              <param type="float" name="X"/>
              <param type="float" name="Y"/>
              <param type="float" name="Z"/>
            </accessor>
          </technique_common>
        </source>
        <source id="normals-array">
          <float_array count="8433" id="normals-array-array">0 0 1 0 0 1 0 0 1 0 0 1 0 0 1 0 0 1 0 0 1 0 0 1 0 0 1 0 0 1 0 0 1 0 0 1 0 0 1 0 0 1 0 0 1 0 0 1 0 0 1 0 -0.4367181 -0.8995984 -5.335988e-07 -0.436718 -0.8995985 -1.487788e-05 -0.383014 -0.9237425 -9.093321e-07 -0.3830127 -0.9237431 0 -0.3830127 -0.9237431 0 -0.9982668 -0.05885129 0 -0.9978591 0.06540009 0 -0.9982668 -0.05885129 0 -0.9978591 0.06540009 0 0 1 0 0 1 0 0 1 0 -0.06540446 0.9978588 0 -0.06540446 0.9978588 1 0 0 0.9978597 -0.06539074 0 1 0 0 1 0 0 0.9994659 -0.03267783 0 1 0 0 1 0 0 1 0 0 1 0 0 1 0 0 1 0 0 1 0 0 1 0 0 1 0 0 1 0 0 1 0 0 1 0 0 -1 0 0 -0.9991458 0 -0.04132509 -0.9994658 0.03268302 0 -0.9995482 0 -0.03005519 -0.9978591 0.06540113 0 -1 0 0 -1 0 0 -1 0 0 -1 0 0 -1 0 0 -1 0 0 -1 0 0 -1 0 0 -1 0 0 -1 0 0 -1 0 0 -1 0 0 -1 0 0 0 -0.3830127 -0.9237431 9.093321e-07 -0.3830127 -0.9237431 1.487788e-05 -0.383014 -0.9237425 5.335988e-07 -0.436718 -0.8995985 0 -0.4367181 -0.8995984 0 -0.06540446 0.9978588 0 -0.06540446 0.9978588 0 0 1 0 0 1 0 0 1 0 -0.9982668 -0.05885129 0 -0.9978591 0.06540009 0 -0.9982668 -0.05885129 0 -0.9978591 0.06540009 -1 0 0 -1 0 0 -0.9996055 -0.02808533 0 -1 0 0 -1 0 0 -1 0 0 -1 0 0 -1 0 0 -1 0 0 -1 0 0 -1 0 0 -0.9984199 -0.0561929 0 -1 0 0 -1 0 0 -1 0 0 -1 0 0 -1 0 0 1 0 0 0.9996068 0.02803923 0 0.9991458 0 -0.04132348 0.9995483 0 -0.03005402 1 0 0 1 0 0 0.9984251 0.05610059 0 1 0 0 1 0 0 1 0 0 1 0 0 1 0 0 1 0 0 1 0 0 1 0 0 1 0 0 1 0 0 1 0 0 0.02803403 0.999607 0 0.05609018 0.9984257 0 0.2225599 0.974919 0 0.2225599 0.974919 0 0.4338606 0.90098 0 0.4338606 0.90098 0 0.6234539 0.7818601 0 0.6234539 0.7818601 0 0.7818601 0.6234539 0 0.7818601 0.6234539 0 0.9009933 0.4338329 0 0.9009933 0.4338329 0 0.9749235 0.2225401 0 0.9749235 0.2225401 0 -0.974942 -0.222459 0 -0.974942 -0.222459 0 -0.9010695 -0.4336747 0 -0.9010695 -0.4336747 0 -0.7818601 -0.6234539 0 -0.7818601 -0.6234539 0 -0.6234539 -0.7818601 0 -0.6234539 -0.7818601 0 -0.4336747 -0.9010695 0 -0.4336747 -0.9010695 0 -0.222459 -0.974942 0 -0.222459 -0.974942 0 -0.02808533 -0.9996055 0 -0.0561929 -0.9984199 0 0 0 -1 0 0 -1 0 0 -1 0 0 -1 0 0 -1 0 0 -1 0 0 -1 0 0 -1 0 0 -1 0 0 1 0 0 1 0 0 1 0 0 1 0 0 1 0 0 1 0 0 1 0 0 1 0 0 1 0 0 1 0 0 1 0 0 1 0 0 1 0 0 1 0 1 0 0 1 0 0 1 0 0 1 0 0 1 0 0 1 0 0 1 0 0 1 0 0 1 0 0 1 0 0 1 0 0 1 0 0 1 0 0 1 0 0 1 0 0 1 0 0 1 0 0 1 0 0 1 0 0 1 0 0 1 0 0 1 0 0 1 0 0 1 0 0 1 0 0 1 0 0 1 0 0 1 0 0 1 0 0 1 0 0 1 0 0 1 0 0 1 0 0 1 0 0 1 0 0 1 0 0 1 0 0 1 0 0 1 0 0 1 0 0 1 0 0 1 0 0 1 0 0 1 0 0 1 0 0 1 0 0 1 0 0 1 0 0 1 0 0 1 0 0 1 0 0 1 0 0 1 0 0 1 0 0 1 0 0 1 0 0 1 0 0 1 0 0 1 0 0 1 0 0 1 0 0 1 0 0 1 0 0 1 0 0 1 0 0 1 0 0 1 0 0 1 0 0 1 0 0 1 0 0 1 0 0 1 0 0 1 0 0 1 0 0 1 0 0 1 0 0 1 0 0 1 0 0 1 0 0 1 0 0 1 0 0 1 0 0 1 0 0 1 0 0 1 0 0 1 0 0 1 0 0 1 0 0 1 0 0 1 0 0 1 0 0 1 0 0 1 0 0 1 0 0 1 0 0 1 0 0 1 0 0 1 0 0 1 0 0 1 0 0 1 0 0 1 0 0 1 0 0 1 0 0 1 0 0 1 0 0 1 0 0 1 0 0 1 0 0 1 0 0 1 0 0 1 0 0 1 0 0 1 0 0 1 0 0 1 0 0 1 0 0 1 0 0 1 0 0 1 0 0 1 0 0 1 0 0 1 0 0 1 0 -0.08477562 -0.003131137 0.9963951 -0.2454845 0 0.9694005 -0.2454845 0 0.9694005 -0.4016908 0 0.9157753 -0.4016908 0 0.9157753 -0.5469476 0 0.8371668 -0.5469476 0 0.8371668 -0.6772833 0 0.7357223 -0.6772833 0 0.7357223 -0.7891417 0 0.6142112 -0.7891417 0 0.6142112 -0.8794729 0 0.475949 -0.8794729 0 0.475949 -0.9458163 0 0.3247021 -0.9458163 0 0.3247021 -0.9863614 0 0.1645942 -0.9863614 0 0.1645942 -1 0 4.432577e-17 -1 0 2.659546e-17 -0.9863614 0 -0.1645942 -0.9863614 0 -0.1645942 -0.9458185 0 -0.3246957 -0.9458185 0 -0.3246957 -0.8794761 0 -0.475943 -0.8794761 0 -0.475943 -0.7891417 0 -0.6142112 -0.7891417 0 -0.6142112 -0.6772774 0 -0.7357277 -0.6772774 0 -0.7357277 -0.5469496 0 -0.8371655 -0.5469496 0 -0.8371655 -0.4016887 0 -0.9157763 -0.4016887 0 -0.9157763 -0.2454851 0 -0.9694004 -0.2454851 0 -0.9694004 -0.08259351 0 -0.9965833 -0.08259351 0 -0.9965833 0 0 -1 0.08259351 0 -0.9965833 0.08259351 0 -0.9965833 0.2454851 0 -0.9694004 0.2454851 0 -0.9694004 0.4016887 0 -0.9157763 0.4016887 0 -0.9157763 0.546947 0 -0.8371672 0.546947 0 -0.8371672 0.6772806 0 -0.7357248 0.6772806 0 -0.7357248 0.7891463 0 -0.6142053 0.7891463 0 -0.6142053 0.8794746 0 -0.4759457 0.8794746 0 -0.4759457 0.945817 0 -0.3247002 0.945817 0 -0.3247002 0.9863611 0 -0.1645958 0.9863611 0 -0.1645958 1 0 3.546062e-17 1 0 5.76235e-17 0.9863611 0 0.1645958 0.9863611 0 0.1645958 0.9458148 0 0.3247066 0.9458148 0 0.3247066 0.8794714 0 0.4759517 0.8794714 0 0.4759517 0.7891463 0 0.6142053 0.7891463 0 0.6142053 0.6772865 0 0.7357194 0.6772865 0 0.7357194 0.546945 0 0.8371685 0.546945 0 0.8371685 0.4016908 0 0.9157753 0.4016908 0 0.9157753 0.2454845 0 0.9694005 0.2454845 0 0.9694005 0.1031596 0 0.9946648 0.08477562 -0.003131137 0.9963951 5.526535e-17 -0.0007448278 0.9999997 -0.1031596 0 0.9946648 0.9977025 -0.02237599 -0.06394514 0.9977026 -0.01507422 -0.06604787 1 0 0 0.9977022 -0.007585969 -0.0673263 1 0 0 0.9977026 -0.01507526 0.06604712 1 0 0 0.9977029 -0.007585704 0.0673158 1 0 0 0.9977021 1.515002e-06 0.06775295 0.9977028 0.007583814 0.06731672 1 0 0 0.9977026 0.0150754 0.06604664 0.9977029 0.05296281 0.04223643 1 0 0 1 0 0 0.9977023 -0.02939641 -0.06104119 1 0 0 0.9977022 -0.03604562 -0.0573668 0.9977023 -0.04224206 -0.05296945 1 0 0 0.9977024 -0.04790586 -0.04790558 0.9977024 -0.05296775 -0.04224054 1 0 0 0.997703 -0.05735655 -0.0360415 0.9977027 -0.06604579 0.01507336 0.9977029 -0.0673156 0.007585141 1 0 0 1 0 0 0.9977026 0.02237546 0.06394473 1 0 0 0.9977028 0.02939178 0.06103439 0.9977027 0.04790193 0.04790236 0.9977024 0.04224142 0.05296799 0.9977026 0.03604449 0.05736206 0.9977026 0.06604689 0.01507517 0.9977026 0.0639448 0.02237483 1 0 0 0.9977029 0.06103296 0.0293921 0.9977029 0.05735901 0.0360407 0.9977023 -0.06104163 -0.02939624 1 0 0 0.9977024 -0.06394707 -0.02237518 0.9977028 -0.06774318 1.084577e-07 0.9977029 -0.06731578 -0.007585701 0.9977027 -0.06604654 -0.01507342 0.9977023 -0.04224069 0.05296941 1 0 0 1 0 0 0.9977029 0.06731577 0.00758569 1 0 0 0.9977028 0.06774319 -8.99453e-08 0.9977029 -0.04790082 0.04789984 0.9977029 -0.0529629 0.04223643 1 0 0 0.9977026 -0.02237492 0.06394511 0.9977029 -0.0293921 0.06103296 0.9977028 -0.03604222 0.05735909 0.9977029 0.06731559 -0.007585123 1 0 0 0.9977027 0.0660466 -0.01507537 0.9977029 -0.05735881 0.03604107 0.9977022 -0.06104128 0.02939825 0.9977025 -0.06394628 0.02237459 1 0 0 1 0 0 0.9977025 0.05296684 -0.04224039 0.997703 0.05735821 -0.03603963 0.9977029 0.06103377 -0.02939159 0.9977025 0.06394514 -0.02237599 1 0 0 0.9977024 0.04224156 -0.05296833 0.9977023 0.04790677 -0.04790702 0.9977026 0.01507525 -0.06604714 1 0 0 0.9977022 0.007583691 -0.06732681 0.9977029 1.36673e-06 -0.06774212 0.9977025 0.02237609 -0.06394515 0.9977022 0.02939683 -0.06104261 0.997702 0.03604788 -0.05737042 -0.9977288 0.06041764 0.02978196 -0.9951473 0.09115937 0.03703782 -1 0 0 -0.9977039 -0.007582016 0.06730052 -0.9977038 -0.01507172 0.06603067 -1 0 0 -0.9977036 -0.0223706 0.06392971 -1 0 0 -0.997704 -0.0293845 0.06101905 -0.997704 -0.03603226 0.05734513 -1 0 0 -0.9977034 -0.04223226 0.05295531 -0.997704 -0.04788904 0.04788967 -1 0 0 -0.997704 -0.05295 0.04222628 -0.997704 -0.05734357 0.03603283 -1 0 0 -0.9977034 -0.06102693 0.02938931 -0.9977036 -0.05295402 -0.0422305 -0.9977041 -0.05734421 -0.03603116 -1 0 0 -1 0 0 -0.9977032 -1.498504e-06 0.0677366 -0.997704 0.007583849 0.06729952 -0.9977037 0.01507161 0.06603121 -0.9977036 0.03603592 0.05734882 -0.9977035 0.04223008 0.05295562 -0.9977039 0.04789028 0.04788982 -0.9977035 -0.0478942 -0.04789392 -1 0 0 -0.9977034 -0.04223178 -0.05295656 -1 0 0 -0.9977034 -0.03603678 -0.057353 -0.9977037 0.02236916 0.06392928 -0.9977039 0.02938569 0.06101907 -0.997704 0.05295016 0.04222593 -0.997704 0.05734513 0.03603214 -0.9977033 -0.06102661 -0.02939112 -0.9977036 -0.06393118 -0.02236935 -1 0 0 -0.9977034 -0.02938905 -0.06102704 -1 0 0 -0.9977036 -0.02237106 -0.06393012 -0.994942 0.06676053 -0.07505581 -0.9977474 0.0409622 -0.05312412 -0.9977039 -0.06772684 -8.992371e-08 -1 0 0 -0.997704 -0.06729935 -0.007583293 -0.9977038 -0.06603006 -0.01506984 -0.997704 -0.06729953 0.007583859 -0.9977038 -0.06603038 0.0150697 -0.9977036 -0.06393133 0.02236969 -0.997703 0.03604046 -0.05735605 -0.9977033 0.0293895 -0.06102708 -0.9977037 0.02237006 -0.0639293 -0.9977037 0.01507062 -0.06603197 -0.9977033 0.007584106 -0.06731001 -0.997704 -1.350277e-06 -0.06772578 -0.9977033 -0.007581886 -0.0673106 -0.9977037 -0.01507162 -0.06603119 0.06527643 0.1117053 0.9915951 -0.06527854 0.1117066 0.9915949 0.06526596 1.36455e-06 0.9978679 -0.06526905 -1.269368e-06 0.9978677 0.0652751 -0.1117063 0.9915951 -0.06527919 -0.111705 0.991595 0.06533786 -0.1671365 0.9837664 -0.06539305 -0.1671597 0.9837588 0.06522806 -0.2220795 0.9728443 -0.06524131 -0.2220636 0.972847 0.06529378 -0.2762402 0.9588681 -0.06529429 -0.276242 0.9588676 0.06525344 -0.329562 0.9418762 -0.065251 -0.3295552 0.9418788 0.06519646 -0.4328983 0.899082 -0.06519403 -0.432905 0.899079 0.06528292 -0.4826421 0.8733812 -0.06527382 -0.4826345 0.8733861 0.06528115 -0.5308917 0.8449215 -0.06528433 -0.5309023 0.8449146 0.06527882 -0.5774512 0.8138112 -0.06530439 -0.5774418 0.8138159 0.06522634 -0.6221762 0.7801553 -0.06522873 -0.6221754 0.7801557 0.06521983 -0.7056006 0.705602 -0.06522339 -0.7056022 0.7056 0.06523004 -0.7801619 0.6221675 -0.06523432 -0.7801607 0.6221686 0.06529973 -0.8138223 0.5774333 -0.06527791 -0.8138168 0.5774435 0.06528165 -0.8449155 0.5309012 -0.06528373 -0.8449222 0.5308903 0.06529506 -0.8733483 0.4827 -0.06530932 -0.8733435 0.4827068 0.06526149 -0.8990353 0.4329854 -0.06526406 -0.8990349 0.432986 0.06525655 -0.9418765 0.3295608 -0.06525912 -0.9418765 0.3295601 0.0653086 -0.9588706 0.2762281 -0.06529719 -0.9588683 0.2762386 0.06529676 -0.9728463 0.2220504 -0.06530105 -0.9728497 0.2220342 0.06527068 -0.9837748 0.1671135 -0.06530559 -0.9837701 0.1671276 0.06519799 -0.9916002 0.1117057 -0.06520695 -0.9916005 0.1116979 0.0652591 -0.9978684 -7.736793e-06 -0.06526218 -0.9978682 7.867159e-06 0.06520335 -0.9916008 -0.1116981 -0.06520056 -0.9916001 -0.1117059 0.06530125 -0.9837703 -0.1671279 -0.06527257 -0.9837746 -0.1671137 0.06529643 -0.9728502 -0.2220336 -0.06529812 -0.9728465 -0.2220494 0.06529378 -0.9588681 -0.2762402 -0.06531081 -0.9588699 -0.27623 0.06525343 -0.941876 -0.3295629 -0.06525786 -0.9418751 -0.3295644 0.06526698 -0.899034 -0.4329873 -0.06527141 -0.8990345 -0.4329856 0.06530994 -0.8733465 -0.4827013 -0.06530385 -0.8733501 -0.4826955 0.06528106 -0.8449225 -0.5308902 -0.06528132 -0.8449194 -0.530895 0.06531398 -0.8138035 -0.5774581 -0.06532044 -0.8138041 -0.5774566 0.06523134 -0.7801501 -0.6221822 -0.06523782 -0.780147 -0.6221855 0.06527126 -0.7056048 -0.705593 -0.06527846 -0.705607 -0.7055902 0.06528694 -0.6221363 -0.7801821 -0.06529076 -0.6221369 -0.7801813 0.06528778 -0.5774265 -0.8138281 -0.06529454 -0.5774249 -0.8138287 0.06522069 -0.530899 -0.8449216 -0.0652233 -0.5309012 -0.84492 0.06529176 -0.4827025 -0.8733472 -0.06529158 -0.4827004 -0.8733484 0.06526147 -0.4329895 -0.8990334 -0.06526378 -0.4329904 -0.8990328 0.06525423 -0.329563 -0.9418758 -0.06525654 -0.329562 -0.941876 0.06529118 -0.2762421 -0.9588678 -0.0652969 -0.2762401 -0.9588679 0.0652269 -0.2220428 -0.9728527 -0.06523107 -0.2220439 -0.9728522 0.06528588 -0.1671515 -0.9837673 -0.06528926 -0.1671516 -0.9837671 0.06527587 -0.1117374 -0.9915916 -0.06527118 -0.1117477 -0.9915907 0.06519429 -1.032593e-05 -0.9978726 -0.06519741 1.042116e-05 -0.9978724 0.06526841 0.111748 -0.9915909 -0.06527933 0.1117376 -0.9915913 0.06528627 0.1671513 -0.9837673 -0.06528913 0.1671512 -0.9837672 0.06522792 0.2220444 -0.9728523 -0.06523 0.2220432 -0.9728524 0.06529408 0.2762387 -0.9588685 -0.06529471 0.2762404 -0.958868 0.06525603 0.3295577 -0.9418776 -0.06526019 0.329559 -0.9418768 0.06526724 0.4329847 -0.8990353 -0.0652714 0.4329833 -0.8990356 0.0652989 0.4827043 -0.8733456 -0.06531039 0.4827094 -0.873342 0.06521618 0.5309069 -0.844917 -0.06522162 0.530902 -0.8449196 0.06528984 0.577415 -0.8138361 -0.06528872 0.5774167 -0.813835 0.06529253 0.6221294 -0.7801871 -0.06529446 0.6221281 -0.7801879 0.06527581 0.7056067 -0.7055908 -0.06527437 0.7056047 -0.7055929 0.06523471 0.7801471 -0.6221856 -0.06523444 0.7801499 -0.6221821 0.06531732 0.8138042 -0.5774567 -0.06531709 0.8138034 -0.577458 0.06527822 0.8449196 -0.5308951 -0.06528417 0.8449223 -0.5308901 0.06530074 0.8733503 -0.4826956 -0.06531306 0.8733463 -0.4827012 0.06526831 0.8990347 -0.4329857 -0.06527009 0.8990339 -0.4329872 0.06525475 0.9418753 -0.3295645 -0.06525654 0.9418758 -0.3295628 0.0653077 0.9588701 -0.27623 -0.0652969 0.9588679 -0.2762401 0.06529501 0.9728467 -0.2220494 -0.06529954 0.97285 -0.2220335 0.06526946 0.9837748 -0.1671138 -0.06530437 0.9837701 -0.1671279 0.06519746 0.9916003 -0.1117059 -0.06520645 0.9916006 -0.1116981 0.06525908 0.9978684 7.867092e-06 -0.0652622 0.9978681 -7.736859e-06 0.06520385 0.9916007 0.1116979 -0.06520109 0.9916 0.1117057 0.06530247 0.9837703 0.1671277 -0.06527379 0.9837746 0.1671135 0.06529794 0.9728499 0.2220343 -0.06529986 0.9728461 0.2220504 0.06529408 0.9588685 0.2762387 -0.06531172 0.9588704 0.276228 0.06525602 0.9418767 0.3295601 -0.06525966 0.9418763 0.3295607 0.06526095 0.8990351 0.4329861 -0.06526459 0.8990352 0.4329854 0.06530621 0.8733437 0.4827069 -0.06529818 0.8733481 0.4826999 0.06528062 0.8449224 0.5308904 -0.06528476 0.8449153 0.5309011 0.0652748 0.813817 0.5774436 -0.06530285 0.8138222 0.5774332 0.06523121 0.7801609 0.6221687 -0.06523314 0.7801618 0.6221674 0.06522029 0.7056024 0.7056002 -0.06522339 0.7056 0.7056022 0.06523004 0.6221675 0.7801619 -0.06523432 0.6221686 0.7801607 0.06529909 0.5774322 0.8138231 -0.06528034 0.5774411 0.8138183 0.06527906 0.5309055 0.844913 -0.06528024 0.5308971 0.8449182 0.06528623 0.4826415 0.8733813 -0.06529645 0.4826458 0.8733781 0.06519776 0.4328989 0.8990816 -0.06520613 0.4328924 0.8990842 0.06525075 0.3295512 0.9418802 -0.06525913 0.3295577 0.9418774 0.06529159 0.2762405 0.9588682 -0.06529719 0.2762386 0.9588683 0.06523821 0.2220641 0.9728471 -0.06523112 0.2220799 0.972844 0.06539008 0.1671594 0.983759 -0.0653411 0.1671362 0.9837663 0 1.041669e-06 1 0 0.2588179 0.9659261 0 0.2588179 0.9659261 0 0.5000007 0.866025 0 0.5000007 0.866025 0 0.7071065 0.7071071 0 0.7071065 0.7071071 0 0.8660242 0.500002 0 0.8660242 0.500002 0 0.9659255 0.2588203 0 0.9659255 0.2588203 0 1 8.333521e-07 0 1 8.333521e-07 0 0.9659254 -0.2588207 0 0.9659254 -0.2588207 0 0.8660243 -0.5000018 0 0.8660243 -0.5000018 0 0.7071057 -0.7071078 0 0.7071057 -0.7071078 0 0.5000043 -0.8660229 0 0.5000043 -0.8660229 0 0.2588182 -0.9659261 0 0.2588182 -0.9659261 0 1.04157e-06 -1 0 1.04157e-06 -1 0 -0.2588202 -0.9659255 0 -0.2588202 -0.9659255 0 -0.5000027 -0.8660238 0 -0.5000027 -0.8660238 0 -0.7071045 -0.707109 0 -0.7071045 -0.707109 0 -0.8660256 -0.4999997 0 -0.8660256 -0.4999997 0 -0.9659256 -0.2588199 0 -0.9659256 -0.2588199 0 -1 8.333324e-07 0 -1 8.333324e-07 0 -0.9659257 0.2588195 0 -0.9659257 0.2588195 0 -0.8660254 0.4999999 0 -0.8660254 0.4999999 0 -0.7071053 0.7071083 0 -0.7071053 0.7071083 0 -0.4999992 0.8660259 0 -0.4999992 0.8660259 0 -0.2588199 0.9659256 0 -0.2588199 0.9659256 0 1.041669e-06 1 -0.2576626 -0.6024378 -0.7554328 -0.2576284 -0.5140733 -0.818142 -0.2576573 -0.419236 -0.8705481 -0.257663 -0.3191295 -0.9120121 -0.2576501 -0.6832386 -0.6832287 -0.2576403 -0.7554325 -0.6024477 -0.2577014 -0.8181238 -0.5140655 -0.25766 -0.8705432 -0.4192445 -0.2576618 -0.9120154 -0.3191211 -0.2576803 -0.9420023 -0.2150173 -0.2576573 -0.9601624 -0.1081706 -0.2576378 -0.9662416 -9.259968e-07 -0.2576504 -0.960163 0.1081818 -0.2576827 -0.9420077 0.2149908 -0.2576646 -0.912013 0.3191259 -0.2576621 -0.8705409 0.4192479 -0.2576889 -0.8181326 0.5140578 -0.2576765 -0.7554287 0.602437 -0.2576503 -0.6832357 0.6832315 -0.2576721 -0.602436 0.755431 -0.2576917 -0.5140734 0.818122 -0.257676 -0.4192077 0.8705561 -0.2576647 -0.319123 0.9120139 -0.2576736 -0.2149994 0.9420082 -0.2576628 -0.1081914 0.9601586 -0.2577015 6.469666e-06 0.9662246 -0.2576641 0.1081722 0.9601604 -0.25768 0.2150265 0.9420003 -0.2576593 0.3191177 0.9120173 -0.2576695 0.4192165 0.8705538 -0.2576702 0.5140575 0.8181387 -0.2576743 0.6024395 0.7554275 -0.2576502 0.68323 0.6832372 -0.2576787 0.7554347 0.6024284 -0.2576917 0.8181234 0.5140712 -0.2576625 0.8705419 0.4192455 -0.2576644 0.9120155 0.3191186 -0.2576804 0.9420023 0.2150173 -0.2576575 0.9601624 0.1081702 -0.2576378 0.9662416 1.112704e-06 -0.2576501 0.960163 -0.1081821 -0.2576825 0.9420076 -0.2149914 -0.2576635 0.9120126 -0.3191278 -0.2576592 0.8705436 -0.419244 -0.257698 0.8181247 -0.514066 -0.257647 0.7554337 -0.6024433 -0.2576553 0.6832369 -0.6832284 -0.2576677 0.6024317 -0.7554359 -0.2576024 0.5140744 -0.8181494 -0.2576535 0.4192373 -0.8705486 -0.2576597 0.3191328 -0.9120119 -0.2576736 0.2149998 -0.9420082 -0.2576425 0.1081955 -0.9601636 -0.2576313 2.994738e-06 -0.9662433 -0.2576496 -0.1081899 -0.9601623 -0.2576696 -0.2150136 -0.9420061 -0.4979573 0.09710535 -0.8617477 -0.4979984 0.1929682 -0.8454353 -0.4979899 0.2864124 -0.8185194 -0.4979683 0.3762634 -0.7813152 -0.4980092 0.4613596 -0.7342575 -0.4979723 0.5406893 -0.6779961 -0.4979642 0.6132034 -0.6131992 -0.4979783 0.6779949 -0.5406852 -0.4979782 0.7342712 -0.4613714 -0.4980062 0.7812911 -0.3762633 -0.4979895 0.8185205 -0.2864099 -0.4979913 0.8454424 -0.1929556 -0.4980147 0.8617146 -0.09710438 -0.4979553 0.8672027 9.701202e-06 -0.4980169 0.8617149 0.09709089 -0.4979933 0.8454404 0.1929593 -0.4979886 0.8185199 0.2864132 -0.4980094 0.7812933 0.3762544 -0.4979678 0.7342694 0.4613854 -0.4980201 0.6779813 0.5406637 -0.4980105 0.6131835 0.6131815 -0.4980223 0.5406741 0.6779715 -0.4979713 0.4613712 0.7342759 -0.4980158 0.3762501 0.7812913 -0.4979902 0.2864062 0.8185214 -0.498001 0.1929763 0.8454319 -0.4979597 0.09709016 0.861748 -0.4980104 8.500623e-06 0.8671711 -0.4979573 -0.09710517 0.8617477 -0.4979985 -0.1929678 0.8454354 -0.4979896 -0.2864146 0.8185188 -0.4980212 -0.376236 0.7812947 -0.4979719 -0.4613783 0.7342711 -0.4980163 -0.5406707 0.6779786 -0.4980061 -0.6131853 0.6131832 -0.4979814 -0.6779954 0.5406818 -0.4979694 -0.7342728 0.4613783 -0.4979668 -0.7813136 0.3762688 -0.4979902 -0.8185203 0.2864093 -0.49799 -0.845443 0.1929561 -0.4980145 -0.8617147 0.09710459 -0.4979553 -0.8672027 -9.549834e-06 -0.498017 -0.8617148 -0.09709079 -0.4979947 -0.8454397 -0.1929584 -0.4979844 -0.8185244 -0.2864077 -0.497959 -0.7813154 -0.3762752 -0.4979708 -0.7342749 -0.4613735 -0.4979457 -0.6780075 -0.5406995 -0.4979647 -0.6132025 -0.6131996 -0.4979694 -0.5406878 -0.6779994 -0.4980053 -0.4613653 -0.7342566 -0.4979695 -0.3762531 -0.7813194 -0.4979855 -0.2864162 -0.8185207 -0.498001 -0.1929759 -0.845432 -0.4979596 -0.09708997 -0.8617481 -0.4980104 -8.403149e-06 -0.867171 -0.7048027 0.07942145 -0.7049435 -0.7047704 0.1578762 -0.6916457 -0.7047963 0.2343023 -0.6696003 -0.7047971 0.3078042 -0.6391538 -0.7048219 0.3774079 -0.6006574 -0.7047854 0.4423178 -0.5546463 -0.7048021 0.5016254 -0.5016234 -0.7048024 0.5546318 -0.4423089 -0.7047789 0.6006915 -0.3774339 -0.7048016 0.639148 -0.3078059 -0.7047964 0.6696009 -0.2343006 -0.7048095 0.6916108 -0.1578544 -0.7047765 0.7049682 -0.07943535 -0.7047937 0.7094123 -4.047598e-06 -0.7047731 0.7049703 0.07944673 -0.704812 0.6916106 0.1578444 -0.7047952 0.6696005 0.2343052 -0.7048024 0.6391498 0.3078004 -0.7047778 0.6006886 0.3774407 -0.7047791 0.5546511 0.4423218 -0.7047786 0.5016422 0.5016395 -0.7047815 0.4423219 0.554648 -0.7047857 0.3774342 0.6006834 -0.7047686 0.3078065 0.6391841 -0.7047661 0.2343119 0.6696288 -0.7047684 0.1578712 0.6916489 -0.704769 0.07943273 0.7049759 -0.7047651 -1.112502e-06 0.7094407 -0.7047722 -0.07943079 0.704973 -0.7047667 -0.1578715 0.6916505 -0.7047641 -0.2343139 0.6696302 -0.7047646 -0.3078083 0.6391878 -0.7047745 -0.3774381 0.600694 -0.7047806 -0.4423245 0.554647 -0.7047815 -0.5016364 0.5016413 -0.7047719 -0.5546593 0.442323 -0.7047763 -0.6006914 0.3774391 -0.7047893 -0.6391609 0.3078075 -0.7047935 -0.6696061 0.2342942 -0.7048102 -0.6916101 0.1578547 -0.7047767 -0.7049679 0.07943516 -0.7047937 -0.7094123 4.201876e-06 -0.7047728 -0.7049706 -0.07944694 -0.7048113 -0.6916113 -0.1578443 -0.7047987 -0.6696006 -0.2342945 -0.704792 -0.6391591 -0.3078049 -0.7047839 -0.6006842 -0.3774364 -0.7047893 -0.5546449 -0.4423134 -0.704798 -0.5016276 -0.5016269 -0.7047836 -0.4423138 -0.5546517 -0.7048148 -0.3774209 -0.6006575 -0.7047933 -0.3077992 -0.6391604 -0.7047943 -0.2343089 -0.6696001 -0.7047709 -0.1578649 -0.6916478 -0.7048021 -0.07942916 -0.7049433 -0.7047986 1.237562e-06 -0.7094075 -0.8640262 0.05635932 -0.5002822 -0.8640075 0.1120393 -0.4908546 -0.8640103 0.1662942 -0.4752183 -0.8640234 0.2184387 -0.4535947 -0.8640129 0.2678609 -0.4263007 -0.8640094 0.3139106 -0.3936341 -0.8640179 0.3560036 -0.355998 -0.8640146 0.3936264 -0.3139059 -0.864016 0.4262938 -0.2678618 -0.8640022 0.4536287 -0.2184516 -0.864022 0.4752009 -0.1662831 -0.864009 0.4908533 -0.1120338 -0.8640016 0.5003227 -0.05637718 -0.8640139 0.503468 -3.199756e-06 -0.8640027 0.5003203 0.05638164 -0.8640082 0.490854 0.1120364 -0.8640226 0.4752033 0.1662733 -0.8640023 0.4536251 0.2184591 -0.8640125 0.4263025 0.2678593 -0.8640023 0.3936416 0.3139209 -0.8640021 0.3560177 0.3560223 -0.8640101 0.3139125 0.3936312 -0.8640093 0.2678697 0.4263024 -0.8640023 0.2184516 0.4536285 -0.8640001 0.166289 0.4752386 -0.864007 0.1120402 0.4908552 -0.8640031 0.05637333 0.5003206 -0.8640044 6.435622e-07 0.5034843 -0.8640005 -0.0563758 0.5003247 -0.8640081 -0.1120368 0.4908542 -0.8640013 -0.1662902 0.475236 -0.8639992 -0.2184566 0.4536321 -0.8640132 -0.2678623 0.4262991 -0.8640127 -0.3139093 0.393628 -0.8640016 -0.3560207 0.3560205 -0.864019 -0.3936178 0.3139048 -0.8640148 -0.4262984 0.2678584 -0.8640222 -0.453594 0.2184449 -0.864011 -0.4752217 0.1662807 -0.8640092 -0.490853 0.1120335 -0.8640017 -0.5003226 0.05637709 -0.8640139 -0.503468 3.338747e-06 -0.8640027 -0.5003204 -0.0563817 -0.8640067 -0.4908573 -0.112034 -0.8640102 -0.4752222 -0.1662835 -0.8640213 -0.453597 -0.218442 -0.8640161 -0.4262933 -0.2678624 -0.8640336 -0.3936026 -0.3138836 -0.8640222 -0.3559979 -0.3559933 -0.8640115 -0.313908 -0.3936317 -0.8640136 -0.267857 -0.4263016 -0.8640213 -0.2184453 -0.4535955 -0.8640122 -0.1662914 -0.4752159 -0.8640074 -0.1120337 -0.490856 -0.8640253 -0.05636724 -0.500283 -0.8640161 2.999889e-06 -0.5034642 -0.9647518 0.02946117 -0.261507 -0.9647506 0.05855821 -0.256568 -0.9647482 0.08692541 -0.2484046 -0.9647484 0.1141902 -0.2371101 -0.9647513 0.1400099 -0.2228275 -0.964607 0.1639492 -0.2065285 -0.9646333 0.1867473 -0.1860325 -0.9647495 0.2057548 -0.1640836 -0.9647502 0.2228296 -0.1400143 -0.9647524 0.2370993 -0.1141785 -0.9647562 0.2483782 -0.08691238 -0.9647517 0.2565636 -0.0585596 -0.9647539 0.2614986 -0.0294687 -0.9647507 0.2631656 1.756567e-06 -0.9647537 0.2614996 0.02946565 -0.9647512 0.2565647 0.05856395 -0.9645945 0.2491331 0.08654604 -0.9646634 0.237221 0.1146767 -0.9647528 0.2228227 0.1400071 -0.9647515 0.2057493 0.1640785 -0.964753 0.1860784 0.1860819 -0.9647554 0.1640712 0.2057369 -0.9647536 0.1400092 0.222818 -0.9647507 0.114181 0.2371048 -0.9647559 0.08691274 0.2483791 -0.9647515 0.05855977 0.2565642 -0.9647531 0.0294637 0.261502 -0.9647568 1.273084e-06 0.263143 -0.9647539 -0.02946321 0.261499 -0.9647513 -0.05856371 0.2565643 -0.9647562 -0.08690845 0.2483795 -0.9647531 -0.1141782 0.2370964 -0.9647522 -0.1400124 0.2228222 -0.9647553 -0.1640709 0.2057374 -0.964754 -0.1860759 0.1860791 -0.9647516 -0.2057501 0.164077 -0.9647524 -0.2228231 0.1400093 -0.9647509 -0.2371021 0.1141852 -0.9647479 -0.2484082 0.08691833 -0.9647514 -0.2565654 0.05855774 -0.9647539 -0.2614987 0.02946871 -0.9647507 -0.2631656 -1.681941e-06 -0.9647537 -0.2614996 -0.0294657 -0.9647518 -0.2565639 -0.05855717 -0.9647479 -0.2484075 -0.08692064 -0.9647508 -0.2371028 -0.1141846 -0.9647503 -0.222829 -0.1400147 -0.964749 -0.205755 -0.1640863 -0.964752 -0.1860842 -0.1860811 -0.9647545 -0.1640746 -0.2057386 -0.9647509 -0.1400094 -0.2228296 -0.9647509 -0.114185 -0.2371023 -0.9647486 -0.08692329 -0.2484039 -0.9647503 -0.05855942 -0.2565692 -0.964752 -0.02946197 -0.2615064 -0.9647504 5.088517e-07 -0.2631666 -0.991444 0.1020546 -0.08138601 -0.9914456 0.1105148 -0.06944131 -0.9914456 0.1175948 -0.05663071 -0.9914443 0.1232057 -0.04311069 -0.9914446 0.1272553 -0.02904603 -0.9914455 0.1297008 -0.01461576 -0.9914454 0.1305221 2.089678e-07 -0.9914455 0.1297004 0.01461468 -0.9914448 0.1272539 0.02904602 -0.991441 0.1240516 0.04069212 -0.991442 0.09345761 -0.09115105 0.2576753 0.2150137 -0.9420046 0.2576105 0.5140764 -0.8181456 0.2577071 0.8181225 -0.5140647 0.257686 0.9420008 -0.215017 0.2576884 0.9420062 0.2149905 0.2576946 0.8181314 0.514057 0.2576737 0.5140782 0.8181246 0.2576793 0.2149995 0.9420067 0.2576858 -0.2150258 0.9419989 0.2576995 -0.5140527 0.8181325 0.2576973 -0.8181221 0.5140704 0.2576861 -0.9420008 0.215017 0.2576882 -0.9420062 -0.2149911 0.2577037 -0.8181234 -0.5140651 0.2576318 -0.514068 -0.8181442 0.2576793 -0.2149991 -0.9420068 0.9647598 -0.02945796 -0.2614779 0.9647588 -0.05855139 -0.2565388 0.8640479 -0.05635503 -0.5002453 0.8640288 -0.1120315 -0.4908188 0.7047883 -0.07942334 -0.7049577 0.7047556 -0.1578791 -0.6916601 0.4979489 -0.09710571 -0.8617525 0.4979901 -0.1929689 -0.8454401 0.2576483 -0.1081956 -0.960162 0.9647585 -0.1141718 -0.2370776 0.9647586 -0.1399964 -0.2228046 0.8640434 -0.2184244 -0.4535634 0.8640374 -0.2678365 -0.4262664 0.7047772 -0.3078108 -0.6391726 0.7047973 -0.3774219 -0.6006775 0.4979638 -0.3762623 -0.7813186 0.4980001 -0.4613571 -0.7342653 0.2576615 -0.4192363 -0.8705467 0.9647575 -0.2057318 -0.1640653 0.964758 -0.2228049 -0.14 0.8640542 -0.3935697 -0.3138681 0.8640394 -0.4262626 -0.2678362 0.7047777 -0.5546542 -0.4423201 0.7047658 -0.6007011 -0.3774432 0.4979318 -0.6780186 -0.5406983 0.4979655 -0.734274 -0.4613806 0.2576527 -0.7554325 -0.6024423 0.9647561 -0.24838 -0.0869082 0.9647595 -0.2565363 -0.05855104 0.864033 -0.4751861 -0.1662686 0.8640305 -0.4908172 -0.1120255 0.7047794 -0.6696193 -0.2342988 0.7047954 -0.6916245 -0.1578575 0.4979811 -0.8185251 -0.2864115 0.4979829 -0.8454471 -0.1929567 0.2576692 -0.9120112 -0.3191273 0.9647617 -0.2614705 0.02946237 0.9647597 -0.2565357 0.05855083 0.8640243 -0.5002836 0.0563775 0.8640284 -0.490821 0.1120253 0.704759 -0.7049842 0.07944829 0.7047979 -0.6916242 0.1578475 0.4980084 -0.8617197 0.09709143 0.4979848 -0.8454451 0.1929604 0.2576632 -0.9601609 0.10817 0.9647587 -0.2370764 0.1141725 0.9647609 -0.2227979 0.1399915 0.8640444 -0.453562 0.2184233 0.864036 -0.4262655 0.2678425 0.7047765 -0.6391729 0.3078116 0.7047643 -0.6007009 0.3774464 0.4979568 -0.7813174 0.3762741 0.4979554 -0.7342786 0.4613842 0.2576682 -0.8705406 0.4192448 0.9647635 -0.1640537 0.205713 0.9647608 -0.1399945 0.2227963 0.8640327 -0.3138898 0.3935997 0.8640345 -0.2678461 0.4262661 0.7047703 -0.4423326 0.5546537 0.7047609 -0.377446 0.600705 0.4980077 -0.5406801 0.6779774 0.4979602 -0.4613686 0.7342851 0.2576753 -0.6024416 0.7554254 0.9647642 -0.08690268 0.2483505 0.9647597 -0.05855305 0.256535 0.8640219 -0.1662772 0.4752032 0.8640284 -0.1120321 0.4908195 0.7047516 -0.2343184 0.6696417 0.7047537 -0.157874 0.6916632 0.4979822 -0.2864091 0.8185252 0.4979926 -0.192977 0.8454368 0.257663 -0.3191189 0.9120159 0.964762 0.02945986 0.2614698 0.9647591 0.05855746 0.2565362 0.864022 0.05637181 0.5002881 0.8640298 0.1120281 0.4908179 0.7047584 0.07943203 0.7049866 0.7047533 0.1578747 0.6916635 0.4979489 0.09710589 0.8617525 0.49799 0.1929693 0.84544 0.2576684 0.108191 0.9601571 0.964759 0.1141712 0.237076 0.964761 0.1399946 0.2227954 0.8640223 0.2184388 0.4535968 0.8640318 0.2678473 0.4262708 0.7047563 0.3078138 0.6391942 0.704771 0.3774389 0.6006977 0.4980088 0.3762412 0.7813001 0.4979641 0.461386 0.7342715 0.2576794 0.4192073 0.8705553 0.9647596 0.2057271 0.1640587 0.9647607 0.2227981 0.1399923 0.8640226 0.3936166 0.3138964 0.8640345 0.426267 0.2678446 0.7047684 0.5546588 0.4423292 0.7047612 0.6007055 0.3774447 0.498011 0.6779793 0.5406747 0.4979653 0.7342782 0.4613742 0.2576822 0.7554275 0.602436 0.964764 0.2483511 0.08690312 0.9647596 0.2565354 0.05855325 0.8640432 0.4751667 0.1662708 0.8640307 0.4908169 0.1120253 0.7047823 0.6696141 0.2343052 0.7047961 0.6916237 0.1578578 0.4979818 0.8185249 0.2864109 0.4979816 0.8454477 0.1929572 0.2576703 0.9120115 0.3191254 0.9647617 0.2614705 -0.02946241 0.9647593 0.2565356 -0.05855721 0.8640242 0.5002836 -0.05637756 0.8640296 0.4908182 -0.1120286 0.7047587 0.7049845 -0.0794485 0.7047973 0.6916249 -0.1578474 0.4980085 0.8617197 -0.09709133 0.4979862 0.8454445 -0.1929595 0.257663 0.9601609 -0.1081704 0.9647612 0.23707 -0.1141649 0.9647583 0.2228042 -0.1399991 0.8640222 0.4535934 -0.2184458 0.8640357 0.4262677 -0.2678399 0.7047897 0.6391612 -0.3078058 0.7047692 0.6006956 -0.3774455 0.4979947 0.7813001 -0.3762597 0.4979663 0.7342739 -0.4613799 0.2576657 0.8705418 -0.4192439 0.9647624 0.1640555 -0.2057166 0.9647598 0.1399929 -0.2228015 0.864032 0.3138846 -0.3936053 0.8640315 0.2678412 -0.4262753 0.7047667 0.4423205 -0.5546679 0.7048114 0.377424 -0.6006596 0.4979672 0.5406879 -0.678001 0.4979995 0.4613732 -0.7342556 0.2576729 0.6024337 -0.7554325 0.9647563 0.08691395 -0.2483771 0.9647581 0.05855307 -0.2565412 0.8640335 0.1662787 -0.4751815 0.8640291 0.1120253 -0.4908197 0.7047806 0.2343117 -0.6696136 0.7047574 0.1578683 -0.6916607 0.4979766 0.2864166 -0.818526 0.4979926 0.1929774 -0.8454366 0.2576708 0.3191273 -0.9120107 0.9647584 -4.579839e-07 -0.2631372 0.8640377 -2.90645e-06 -0.5034272 0.7047845 -1.112297e-06 -0.7094214 0.498002 8.500609e-06 -0.8671759 0.257637 -2.869959e-06 -0.9662418 0.2576643 -0.3191345 -0.91201 0.4979812 -0.2864162 -0.8185234 0.7047816 -0.2343077 -0.6696139 0.8640325 -0.1662816 -0.4751823 0.9647564 -0.0869162 -0.2483761 0.2576662 -0.6024379 -0.7554315 0.4979618 -0.5406946 -0.6779996 0.7047714 -0.4423281 -0.5546558 0.864033 -0.3138871 -0.3936012 0.9647624 -0.1640539 -0.205718 0.9647606 -0.1860618 -0.186059 0.8640396 -0.355978 -0.3559707 0.7047911 -0.5016289 -0.5016353 0.4979519 -0.613206 -0.6132066 0.2576606 -0.6832365 -0.6832268 0.2576649 -0.8705423 -0.4192434 0.4979539 -0.7813206 -0.3762712 0.7047754 -0.6391735 -0.3078131 0.8640432 -0.4535613 -0.2184297 0.9647587 -0.2370762 -0.1141731 0.2576558 -0.9601615 -0.1081819 0.4980063 -0.8617194 -0.09710492 0.7047624 -0.7049821 -0.07943692 0.8640232 -0.5002859 -0.05637304 0.9647619 -0.2614695 -0.02946542 0.9647587 -0.2631363 1.756236e-06 0.8640354 -0.503431 -3.200072e-06 0.7047796 -0.7094263 -4.04761e-06 0.4979469 -0.8672075 9.701181e-06 0.2576435 -0.96624 1.112781e-06 0.2576701 -0.9120141 0.3191181 0.4979756 -0.8185291 0.2864094 0.7047848 -0.6696136 0.234299 0.8640314 -0.4751878 0.1662717 0.9647557 -0.2483804 0.08691153 0.2576844 -0.7554336 0.6024275 0.4979733 -0.6779982 0.5406858 0.7047549 -0.5546707 0.4423358 0.8640417 -0.3935912 0.3138757 0.9647596 -0.2057261 0.1640602 0.9647614 -0.1860572 0.1860597 0.8640253 -0.3559867 0.3559968 0.7047626 -0.5016504 0.5016539 0.4980021 -0.6131887 0.6131831 0.2576556 -0.6832304 0.6832348 0.257675 -0.4192166 0.8705522 0.4980146 -0.37625 0.7812921 0.7047463 -0.3078135 0.6392054 0.8640234 -0.2184351 0.4535964 0.9647606 -0.114165 0.2370725 0.2576699 -0.1081724 0.9601588 0.4979512 -0.09709051 0.8617529 0.7047547 -0.07943461 0.70499 0.8640247 -0.05636914 0.5002838 0.9647611 -0.02946039 0.2614729 0.9647648 -1.22203e-06 0.2631137 0.8640259 -5.499546e-07 0.5034473 0.704751 1.237775e-06 0.7094547 0.498002 -8.403134e-06 0.8671759 0.2577072 -6.344999e-06 0.9662231 0.2576715 0.3191203 0.912013 0.4979815 0.286414 0.818524 0.7047506 0.2343178 0.669643 0.8640222 0.1662784 0.4752022 0.9647641 0.08689827 0.2483526 0.2576849 0.6024279 0.755433 0.4980099 0.5406715 0.6779826 0.7047664 0.4423317 0.5546593 0.8640322 0.3138867 0.3936032 0.9647635 0.1640512 0.2057146 0.9647617 0.1860558 0.1860595 0.8640229 0.3559939 0.3559955 0.7047643 0.5016527 0.5016491 0.4980016 0.6131896 0.6131826 0.2576564 0.683234 0.6832309 0.2576678 0.8705395 0.4192472 0.4980022 0.7812927 0.3762651 0.7047873 0.6391607 0.3078124 0.8640243 0.4535948 0.2184346 0.9647606 0.2370723 0.1141652 0.2576561 0.9601615 0.1081816 0.4980061 0.8617195 0.09710514 0.7047627 0.7049818 0.07943672 0.8640233 0.5002858 0.05637295 0.9647619 0.2614695 0.02946542 0.9647587 0.2631363 -1.681619e-06 0.8640354 0.503431 3.339053e-06 0.7047796 0.7094263 4.201891e-06 0.4979468 0.8672076 -9.549813e-06 0.2576435 0.96624 -9.260739e-07 0.2576675 0.912014 -0.3191206 0.4979804 0.8185243 -0.2864147 0.7047809 0.6696139 -0.2343099 0.8640445 0.4751679 -0.1662607 0.9647642 0.2483518 -0.08689876 0.257646 0.7554313 -0.6024467 0.4979756 0.6779983 -0.5406835 0.7047853 0.5546472 -0.4423167 0.8640373 0.3935952 -0.3138827 0.9647569 0.2057322 -0.1640679 0.9647597 0.1860639 -0.1860618 0.864042 0.3559766 -0.3559665 0.7047859 0.5016392 -0.5016323 0.4979562 0.6132041 -0.6132049 0.2576561 0.683236 -0.683229 0.2576632 0.4192346 -0.870547 0.4979539 0.3762574 -0.7813273 0.7047874 0.3078044 -0.6391644 0.8640433 0.2184298 -0.4535611 0.9647571 0.1141755 -0.2370817 0.2576551 0.1081895 -0.9601609 0.4979513 0.0970907 -0.8617528 0.7047882 0.07943041 -0.704957 0.8640468 0.05636316 -0.5002463 0.96476 0.0294587 -0.2614772 0.9977021 1.515002e-06 0.06775295 0.9977029 -0.007585704 0.0673158 1 0 0 1 0 0 1 0 0 0.9977029 -0.04790082 0.04789984 1 0 0 0.9977029 -0.0529629 0.04223643 1 0 0 0.9977029 -0.05735881 0.03604107 1 0 0 0.9977028 -0.03604222 0.05735909 0.9977023 -0.04224069 0.05296941 0.9977026 -0.01507526 0.06604712 0.9977026 -0.02237492 0.06394511 0.9977029 -0.0293921 0.06103296 1 0 0 0.9977023 -0.02939641 -0.06104119 1 0 0 0.9977025 -0.02237599 -0.06394514 0.9977026 -0.01507422 -0.06604787 0.9949428 0.09261297 0.0388801 0.9977032 0.06097982 0.0294905 0.9977029 0.05735901 0.0360407 0.9977029 0.05296281 0.04223643 0.9977026 0.03604449 0.05736206 0.9977028 0.02939178 0.06103439 0.9977026 0.02237546 0.06394473 1 0 0 0.9977023 -0.04224206 -0.05296945 0.9977022 -0.03604562 -0.0573668 1 0 0 0.997703 -0.05735655 -0.0360415 1 0 0 0.9977024 -0.05296775 -0.04224054 0.9977024 -0.04790586 -0.04790558 0.9977027 0.04790193 0.04790236 0.9977024 0.04224142 0.05296799 0.9977026 0.0150754 0.06604664 0.9977028 0.007583814 0.06731672 0.9977022 -0.007585969 -0.0673263 0.9977029 1.36673e-06 -0.06774212 0.9977022 0.007583691 -0.06732681 1 0 0 0.9977024 -0.06394707 -0.02237518 0.9977023 -0.06104163 -0.02939624 0.9977022 -0.06104128 0.02939825 0.9977025 -0.06394628 0.02237459 1 0 0 0.9977027 -0.06604579 0.01507336 0.9977029 -0.0673156 0.007585141 0.9977026 0.01507525 -0.06604714 0.9977025 0.02237609 -0.06394515 0.9977022 0.02939683 -0.06104261 0.997702 0.03604788 -0.05737042 0.9977464 0.04097238 -0.05313594 0.9945511 0.07055051 -0.07675115 0.9977028 -0.06774318 1.084577e-07 0.9977029 -0.06731578 -0.007585701 0.9977027 -0.06604654 -0.01507342 -0.9977027 -0.01507536 0.0660466 -0.9977028 -0.007583846 0.06731676 -1 0 0 -1 0 0 -0.9977027 -0.06604599 -0.01507347 -0.9977029 -0.06731559 -0.007585123 -1 0 0 -1 0 0 -1 0 0 -0.9977029 -0.02939159 0.06103377 -0.9977025 -0.02237599 0.06394514 -1 0 0 -0.9977023 -0.04224245 0.05296809 -0.9977029 -0.03604095 0.05735897 -1 0 0 -0.9977029 -0.05296278 0.04223647 -0.9977029 -0.0479006 0.04790123 -0.9977027 -0.06604631 0.01507333 -1 0 0 -0.9977029 -0.06731577 0.00758569 -0.9977028 -0.06774319 -8.99453e-08 -0.9977024 -0.06394676 0.02237509 -0.9977022 -0.06104166 0.0293964 -0.9977029 -0.05735741 0.03604153 -0.9977022 -0.03604548 -0.05736684 -0.9977023 -0.04224198 -0.05296934 -1 0 0 -1 0 0 -0.9977022 -0.02939614 -0.06104177 -1 0 0 -0.9977025 -0.02237646 -0.06394555 -1 0 0 -0.9977022 -0.06104134 -0.02939822 -0.9977025 -0.06394661 -0.02237475 -0.9977024 -0.04790576 -0.04790548 -0.9977025 -0.0529668 -0.04224069 -0.997703 -0.05735805 -0.03603986 -0.9977026 0.01507426 -0.06604791 -0.9977022 0.007585937 -0.06732626 -1 0 0 -1 0 0 -0.9977029 -1.350602e-06 -0.06774212 -0.9977022 -0.007583715 -0.06732685 -0.9977026 -0.01507526 -0.06604712 -0.9977029 0.05735816 -0.03604067 -0.9977024 0.05296778 -0.0422405 -1 0 0 -1 0 0 -0.9977023 0.0479072 -0.04790671 -0.9977023 0.04224103 -0.05296934 -1 0 0 -0.9977019 0.03604916 -0.05736989 -0.9977022 0.0293966 -0.06104181 -0.9977026 0.02237546 -0.06394473 -0.9977026 0.06394481 0.02237584 -0.9977027 0.06604639 0.01507526 -1 0 0 -0.9977029 0.0673156 0.007585141 -1 0 0 -0.9977029 0.06103293 -0.02939193 -1 0 0 -0.9977026 0.06394511 -0.02237492 -0.9977028 0.06774318 1.084577e-07 -0.9977029 0.06731578 -0.007585701 -0.9977026 0.06604712 -0.01507526 -0.9977029 0.06103372 0.02939162 -1 0 0 -0.9977029 0.05735897 0.03604084 -0.9977029 0.05296294 0.04223613 -1 0 0 -0.9977028 0.04790184 0.04790138 -0.9977024 0.04224028 0.05296841 -1 0 0 -0.9977025 0.03604462 0.05736266 -0.9977021 -1.498864e-06 0.06775295 -0.9977029 0.007585679 0.06731576 -1 0 0 -0.9977026 0.01507525 0.06604714 -0.9977026 0.02237456 0.06394471 -0.9977028 0.02939279 0.0610338 0.06527643 0.1117053 0.9915951 -0.06527543 0.1117066 0.9915951 0.06526596 1.36455e-06 0.9978679 -0.06526594 -1.269356e-06 0.9978679 0.0652751 -0.1117063 0.9915951 -0.06527608 -0.111705 0.9915952 0.06533786 -0.1671365 0.9837664 -0.06538994 -0.1671597 0.983759 0.06522806 -0.2220795 0.9728443 -0.06523821 -0.2220636 0.9728472 0.06529378 -0.2762402 0.9588681 -0.06529118 -0.2762421 0.9588678 0.06525344 -0.329562 0.9418762 -0.0652479 -0.3295552 0.941879 0.06519646 -0.4328983 0.899082 -0.06519093 -0.4329051 0.8990792 0.06528292 -0.4826421 0.8733812 -0.06527071 -0.4826346 0.8733863 0.06528115 -0.5308917 0.8449215 -0.06528123 -0.5309024 0.8449148 0.06527882 -0.5774512 0.8138112 -0.06530127 -0.5774419 0.8138161 0.06522634 -0.6221762 0.7801553 -0.06522562 -0.6221755 0.7801559 0.06521983 -0.7056006 0.705602 -0.06522029 -0.7056024 0.7056002 0.06523004 -0.7801619 0.6221675 -0.06523121 -0.7801609 0.6221687 0.06529973 -0.8138223 0.5774333 -0.0652748 -0.813817 0.5774436 0.06528165 -0.8449155 0.5309012 -0.06528062 -0.8449224 0.5308904 0.06529506 -0.8733483 0.4827 -0.06530621 -0.8733437 0.4827069 0.06526149 -0.8990353 0.4329854 -0.06526095 -0.8990351 0.4329861 0.06525655 -0.9418765 0.3295608 -0.06525602 -0.9418767 0.3295601 0.0653086 -0.9588706 0.2762281 -0.06529408 -0.9588685 0.2762387 0.06529676 -0.9728463 0.2220504 -0.06529794 -0.9728499 0.2220343 0.06527068 -0.9837748 0.1671135 -0.06530247 -0.9837703 0.1671277 0.06519799 -0.9916002 0.1117057 -0.06520385 -0.9916007 0.1116979 0.0652591 -0.9978684 -7.736793e-06 -0.06525908 -0.9978684 7.867092e-06 0.06520335 -0.9916008 -0.1116981 -0.06519746 -0.9916003 -0.1117059 0.06530125 -0.9837703 -0.1671279 -0.06526946 -0.9837748 -0.1671138 0.06529643 -0.9728502 -0.2220336 -0.06529501 -0.9728467 -0.2220494 0.06529378 -0.9588681 -0.2762402 -0.0653077 -0.9588701 -0.27623 0.06525343 -0.941876 -0.3295629 -0.06525475 -0.9418753 -0.3295645 0.06526698 -0.899034 -0.4329873 -0.06526831 -0.8990347 -0.4329857 0.06530994 -0.8733465 -0.4827013 -0.06530074 -0.8733503 -0.4826956 0.06528106 -0.8449225 -0.5308902 -0.06527822 -0.8449196 -0.5308951 0.06531398 -0.8138035 -0.5774581 -0.06531732 -0.8138042 -0.5774567 0.06523134 -0.7801501 -0.6221822 -0.06523471 -0.7801471 -0.6221856 0.06527126 -0.7056048 -0.705593 -0.06527536 -0.7056071 -0.7055903 0.06528694 -0.6221363 -0.7801821 -0.06528766 -0.622137 -0.7801814 0.06528778 -0.5774265 -0.8138281 -0.06529142 -0.577425 -0.8138288 0.06522069 -0.530899 -0.8449216 -0.0652202 -0.5309013 -0.8449202 0.06529176 -0.4827025 -0.8733472 -0.06528847 -0.4827005 -0.8733485 0.06526147 -0.4329895 -0.8990334 -0.06526067 -0.4329905 -0.899033 0.06525423 -0.329563 -0.9418758 -0.06525344 -0.329562 -0.9418762 0.06529118 -0.2762421 -0.9588678 -0.06529378 -0.2762402 -0.9588681 0.0652269 -0.2220428 -0.9728527 -0.06522797 -0.222044 -0.9728524 0.06528588 -0.1671515 -0.9837673 -0.06528615 -0.1671516 -0.9837673 0.06527587 -0.1117374 -0.9915916 -0.06526808 -0.1117477 -0.9915909 0.06519429 -1.032593e-05 -0.9978726 -0.06519431 1.042108e-05 -0.9978726 0.06526841 0.111748 -0.9915909 -0.06527623 0.1117376 -0.9915915 0.06528627 0.1671513 -0.9837673 -0.06528602 0.1671512 -0.9837674 0.06522792 0.2220444 -0.9728523 -0.0652269 0.2220433 -0.9728526 0.06529408 0.2762387 -0.9588685 -0.06529159 0.2762405 -0.9588682 0.06525603 0.3295577 -0.9418776 -0.06525708 0.329559 -0.941877 0.06526724 0.4329847 -0.8990353 -0.0652683 0.4329834 -0.8990358 0.0652989 0.4827043 -0.8733456 -0.06530728 0.4827095 -0.8733422 0.06521618 0.5309069 -0.844917 -0.06521852 0.5309021 -0.8449198 0.06528984 0.577415 -0.8138361 -0.06528561 0.5774168 -0.8138351 0.06529253 0.6221294 -0.7801871 -0.06529136 0.6221283 -0.7801881 0.06527581 0.7056067 -0.7055908 -0.06527126 0.7056048 -0.705593 0.06523471 0.7801471 -0.6221856 -0.06523134 0.7801501 -0.6221822 0.06531732 0.8138042 -0.5774567 -0.06531398 0.8138035 -0.5774581 0.06527822 0.8449196 -0.5308951 -0.06528106 0.8449225 -0.5308902 0.06530074 0.8733503 -0.4826956 -0.06530994 0.8733465 -0.4827013 0.06526831 0.8990347 -0.4329857 -0.06526698 0.899034 -0.4329873 0.06525475 0.9418753 -0.3295645 -0.06525343 0.941876 -0.3295629 0.0653077 0.9588701 -0.27623 -0.06529378 0.9588681 -0.2762402 0.06529501 0.9728467 -0.2220494 -0.06529643 0.9728502 -0.2220336 0.06526946 0.9837748 -0.1671138 -0.06530125 0.9837703 -0.1671279 0.06519746 0.9916003 -0.1117059 -0.06520335 0.9916008 -0.1116981 0.06525908 0.9978684 7.867092e-06 -0.0652591 0.9978684 -7.736793e-06 0.06520385 0.9916007 0.1116979 -0.06519799 0.9916002 0.1117057 0.06530247 0.9837703 0.1671277 -0.06527068 0.9837748 0.1671135 0.06529794 0.9728499 0.2220343 -0.06529676 0.9728463 0.2220504 0.06529408 0.9588685 0.2762387 -0.0653086 0.9588706 0.2762281 0.06525602 0.9418767 0.3295601 -0.06525655 0.9418765 0.3295608 0.06526095 0.8990351 0.4329861 -0.06526149 0.8990353 0.4329854 0.06530621 0.8733437 0.4827069 -0.06529506 0.8733483 0.4827 0.06528062 0.8449224 0.5308904 -0.06528165 0.8449155 0.5309012 0.0652748 0.813817 0.5774436 -0.06529973 0.8138223 0.5774333 0.06523121 0.7801609 0.6221687 -0.06523004 0.7801619 0.6221675 0.06522029 0.7056024 0.7056002 -0.06522029 0.7056002 0.7056024 0.06523004 0.6221675 0.7801619 -0.06523121 0.6221687 0.7801609 0.06529909 0.5774322 0.8138231 -0.06527723 0.5774413 0.8138185 0.06527906 0.5309055 0.844913 -0.06527713 0.5308972 0.8449184 0.06528623 0.4826415 0.8733813 -0.06529334 0.4826459 0.8733783 0.06519776 0.4328989 0.8990816 -0.06520303 0.4328925 0.8990843 0.06525075 0.3295512 0.9418802 -0.06525603 0.3295577 0.9418776 0.06529159 0.2762405 0.9588682 -0.06529408 0.2762387 0.9588685 0.06523821 0.2220641 0.9728471 -0.06522802 0.22208 0.9728442 0.06539008 0.1671594 0.983759 -0.06533798 0.1671362 0.9837665 -0.2576683 -0.6024368 -0.7554316 -0.2576341 -0.5140724 -0.8181407 -0.257663 -0.4192353 -0.8705467 -0.2576687 -0.319129 -0.9120107 -0.2576558 -0.6832375 -0.6832276 -0.257646 -0.7554313 -0.6024467 -0.2577071 -0.8181225 -0.5140647 -0.2576657 -0.8705418 -0.4192439 -0.2576675 -0.912014 -0.3191206 -0.257686 -0.9420008 -0.215017 -0.257663 -0.9601609 -0.1081704 -0.2576435 -0.96624 -9.260739e-07 -0.2576561 -0.9601615 0.1081816 -0.2576884 -0.9420062 0.2149905 -0.2576703 -0.9120115 0.3191254 -0.2576678 -0.8705395 0.4192472 -0.2576946 -0.8181314 0.514057 -0.2576822 -0.7554275 0.602436 -0.257656 -0.6832346 0.6832304 -0.2576778 -0.602435 0.7554298 -0.2576974 -0.5140726 0.8181207 -0.2576817 -0.419207 0.8705548 -0.2576704 -0.3191225 0.9120125 -0.2576793 -0.2149991 0.9420068 -0.2576685 -0.1081912 0.9601571 -0.2577072 6.469693e-06 0.9662231 -0.2576698 0.108172 0.9601589 -0.2576857 0.2150262 0.9419988 -0.257665 0.3191172 0.9120159 -0.2576752 0.4192158 0.8705525 -0.2576759 0.5140567 0.8181374 -0.25768 0.6024385 0.7554263 -0.2576559 0.6832289 0.6832362 -0.2576844 0.7554336 0.6024275 -0.2576973 0.8181221 0.5140704 -0.2576682 0.8705406 0.4192448 -0.2576701 0.9120141 0.3191181 -0.2576861 0.9420008 0.215017 -0.2576632 0.9601609 0.10817 -0.2576435 0.96624 1.112781e-06 -0.2576558 0.9601615 -0.1081819 -0.2576882 0.9420062 -0.2149911 -0.2576692 0.9120112 -0.3191273 -0.2576649 0.8705423 -0.4192434 -0.2577037 0.8181234 -0.5140651 -0.2576527 0.7554325 -0.6024423 -0.257661 0.6832358 -0.6832273 -0.2576734 0.6024308 -0.7554347 -0.2576081 0.5140736 -0.8181481 -0.2576592 0.4192366 -0.8705472 -0.2576654 0.3191323 -0.9120105 -0.2576793 0.2149995 -0.9420067 -0.2576482 0.1081953 -0.9601621 -0.257637 2.994645e-06 -0.9662418 -0.2576553 -0.1081898 -0.9601608 -0.2576753 -0.2150133 -0.9420046 -0.4979489 0.09710589 -0.8617525 -0.49799 0.1929693 -0.84544 -0.4979815 0.286414 -0.818524 -0.4979598 0.3762655 -0.7813196 -0.4980007 0.4613622 -0.7342616 -0.4979638 0.5406923 -0.6779999 -0.4979558 0.6132068 -0.6132026 -0.4979698 0.6779987 -0.5406882 -0.4979697 0.7342753 -0.461374 -0.4979978 0.7812954 -0.3762654 -0.4979811 0.8185251 -0.2864115 -0.4979829 0.8454471 -0.1929567 -0.4980063 0.8617194 -0.09710492 -0.4979469 0.8672075 9.701181e-06 -0.4980084 0.8617197 0.09709143 -0.4979848 0.8454451 0.1929604 -0.4979801 0.8185245 0.2864148 -0.4980009 0.7812977 0.3762565 -0.4979593 0.7342735 0.461388 -0.4980117 0.6779851 0.5406667 -0.498002 0.6131869 0.613185 -0.4980139 0.5406771 0.6779753 -0.4979629 0.4613738 0.73428 -0.4980074 0.3762522 0.7812957 -0.4979817 0.2864078 0.818526 -0.4979926 0.1929774 0.8454366 -0.4979513 0.0970907 0.8617528 -0.498002 8.500609e-06 0.8671759 -0.4979489 -0.09710571 0.8617525 -0.4979901 -0.1929689 0.8454401 -0.4979812 -0.2864162 0.8185234 -0.4980128 -0.3762381 0.7812991 -0.4979635 -0.4613808 0.7342752 -0.4980079 -0.5406737 0.6779824 -0.4979977 -0.6131888 0.6131866 -0.4979729 -0.6779992 0.5406848 -0.497961 -0.7342769 0.4613809 -0.4979583 -0.781318 0.3762709 -0.4979818 -0.8185249 0.2864109 -0.4979816 -0.8454477 0.1929572 -0.4980061 -0.8617195 0.09710514 -0.4979468 -0.8672076 -9.549813e-06 -0.4980085 -0.8617197 -0.09709133 -0.4979862 -0.8454445 -0.1929595 -0.497976 -0.818529 -0.2864093 -0.4979506 -0.7813198 -0.3762773 -0.4979623 -0.734279 -0.4613761 -0.4979372 -0.6780113 -0.5407025 -0.4979563 -0.613206 -0.613203 -0.497961 -0.5406909 -0.6780031 -0.4979969 -0.4613679 -0.7342607 -0.4979611 -0.3762552 -0.7813237 -0.4979771 -0.2864178 -0.8185253 -0.4979926 -0.192977 -0.8454368 -0.4979512 -0.09709051 -0.8617529 -0.498002 -8.403134e-06 -0.8671759 -0.7047886 0.07942301 -0.7049574 -0.7047563 0.1578793 -0.6916594 -0.7047822 0.2343069 -0.6696135 -0.704783 0.3078103 -0.6391664 -0.7048078 0.3774153 -0.6006693 -0.7047713 0.4423266 -0.5546572 -0.704788 0.5016353 -0.5016333 -0.7047883 0.5546427 -0.4423176 -0.7047648 0.6007034 -0.3774414 -0.7047875 0.6391607 -0.307812 -0.7047823 0.6696141 -0.2343052 -0.7047954 0.6916245 -0.1578575 -0.7047624 0.7049821 -0.07943692 -0.7047796 0.7094263 -4.04761e-06 -0.704759 0.7049842 0.07944829 -0.7047979 0.6916242 0.1578475 -0.7047811 0.6696137 0.2343098 -0.7047883 0.6391624 0.3078064 -0.7047637 0.6007005 0.3774481 -0.704765 0.5546621 0.4423305 -0.7047645 0.5016521 0.5016494 -0.7047674 0.4423306 0.554659 -0.7047716 0.3774417 0.6006952 -0.7047546 0.3078126 0.6391967 -0.704752 0.2343165 0.669642 -0.7047543 0.1578744 0.6916625 -0.7047549 0.07943429 0.7049898 -0.704751 -1.112501e-06 0.7094547 -0.7047581 -0.07943236 0.7049869 -0.7047526 -0.1578746 0.6916642 -0.70475 -0.2343185 0.6696434 -0.7047505 -0.3078143 0.6392004 -0.7047605 -0.3774455 0.6007059 -0.7047666 -0.4423332 0.5546579 -0.7047674 -0.5016463 0.5016512 -0.7047578 -0.5546703 0.4423317 -0.7047622 -0.6007032 0.3774465 -0.7047752 -0.6391735 0.3078135 -0.7047794 -0.6696193 0.2342988 -0.7047961 -0.6916237 0.1578578 -0.7047627 -0.7049818 0.07943672 -0.7047796 -0.7094263 4.201891e-06 -0.7047587 -0.7049845 -0.0794485 -0.7047973 -0.6916249 -0.1578474 -0.7047846 -0.6696138 -0.2342991 -0.704778 -0.6391717 -0.307811 -0.7047698 -0.600696 -0.3774438 -0.7047752 -0.5546558 -0.4423221 -0.7047839 -0.5016375 -0.5016368 -0.7047696 -0.4423225 -0.5546627 -0.7048007 -0.3774284 -0.6006694 -0.7047792 -0.3078053 -0.639173 -0.7047803 -0.2343135 -0.6696133 -0.7047568 -0.157868 -0.6916615 -0.704788 -0.07943073 -0.7049572 -0.7047845 1.237564e-06 -0.7094215 -0.8640478 0.05635518 -0.5002455 -0.864029 0.112031 -0.4908186 -0.8640319 0.166282 -0.4751834 -0.8640449 0.2184227 -0.4535614 -0.8640344 0.2678412 -0.4262694 -0.864031 0.3138876 -0.3936052 -0.8640394 0.3559774 -0.3559718 -0.8640362 0.3935975 -0.3138829 -0.8640376 0.4262625 -0.2678421 -0.8640238 0.4535954 -0.2184355 -0.8640436 0.475166 -0.1662709 -0.8640305 0.4908172 -0.1120255 -0.8640232 0.5002859 -0.05637304 -0.8640354 0.503431 -3.200072e-06 -0.8640243 0.5002836 0.0563775 -0.8640298 0.4908179 0.1120281 -0.8640441 0.4751684 0.1662611 -0.8640238 0.4535918 0.2184431 -0.864034 0.4262712 0.2678396 -0.8640238 0.3936127 0.3138978 -0.8640236 0.3559915 0.3559961 -0.8640316 0.3138894 0.3936023 -0.8640309 0.26785 0.4262711 -0.8640239 0.2184356 0.4535952 -0.8640217 0.1662767 0.4752037 -0.8640286 0.112032 0.4908192 -0.8640246 0.05636919 0.5002838 -0.8640259 6.431149e-07 0.5034473 -0.8640221 -0.05637166 0.500288 -0.8640296 -0.1120285 0.4908182 -0.8640229 -0.166278 0.4752011 -0.8640208 -0.2184405 0.4535988 -0.8640348 -0.2678426 0.4262678 -0.8640342 -0.3138862 0.3935991 -0.8640231 -0.3559945 0.3559944 -0.8640406 -0.3935888 0.3138817 -0.8640364 -0.4262671 0.2678387 -0.8640437 -0.4535607 0.2184288 -0.8640325 -0.4751868 0.1662685 -0.8640307 -0.4908169 0.1120253 -0.8640233 -0.5002858 0.05637295 -0.8640354 -0.503431 3.339053e-06 -0.8640242 -0.5002836 -0.05637756 -0.8640282 -0.4908212 -0.1120258 -0.8640318 -0.4751873 -0.1662713 -0.8640428 -0.4535637 -0.218426 -0.8640376 -0.426262 -0.2678428 -0.8640552 -0.3935737 -0.3138605 -0.8640437 -0.3559718 -0.3559671 -0.8640331 -0.3138849 -0.3936028 -0.8640352 -0.2678373 -0.4262703 -0.8640428 -0.2184293 -0.4535622 -0.8640337 -0.1662792 -0.475181 -0.8640289 -0.1120255 -0.49082 -0.8640468 -0.0563631 -0.5002462 -0.8640377 2.999615e-06 -0.5034272 -0.9647599 0.02945789 -0.2614778 -0.9647586 0.05855168 -0.2565394 -0.9647562 0.08691571 -0.2483769 -0.9647564 0.1141775 -0.2370836 -0.9647593 0.1399942 -0.2228027 -0.9647626 0.1640524 -0.2057182 -0.9647603 0.1860625 -0.1860602 -0.9647575 0.2057318 -0.1640653 -0.9647582 0.2228048 -0.1399987 -0.9647604 0.2370729 -0.1141658 -0.9647642 0.2483505 -0.08690268 -0.9647597 0.2565349 -0.05855307 -0.9647619 0.2614695 -0.02946542 -0.9647587 0.2631363 1.756236e-06 -0.9647617 0.2614705 0.02946237 -0.9647592 0.2565361 0.05855741 -0.964764 0.2483525 0.08689935 -0.9647611 0.23707 0.1141656 -0.9647609 0.2227979 0.1399915 -0.9647595 0.2057263 0.1640601 -0.964761 0.1860576 0.1860611 -0.9647634 0.1640529 0.205714 -0.9647616 0.1399936 0.2227931 -0.9647588 0.1141683 0.2370784 -0.9647639 0.08690305 0.2483514 -0.9647596 0.05855324 0.2565356 -0.9647611 0.02946041 0.2614729 -0.9647648 1.272252e-06 0.2631137 -0.964762 -0.02945993 0.2614698 -0.9647593 -0.05855718 0.2565357 -0.9647642 -0.08689876 0.2483518 -0.9647611 -0.1141655 0.23707 -0.9647602 -0.1399968 0.2227974 -0.9647633 -0.1640526 0.2057145 -0.964762 -0.1860551 0.1860583 -0.9647596 -0.2057271 0.1640587 -0.9647605 -0.2227982 0.1399937 -0.9647589 -0.2370757 0.1141724 -0.9647559 -0.2483805 0.08690863 -0.9647594 -0.2565368 0.05855121 -0.9647619 -0.2614695 0.02946542 -0.9647587 -0.2631363 -1.681619e-06 -0.9647617 -0.2614705 -0.02946241 -0.9647598 -0.2565353 -0.05855063 -0.9647559 -0.2483798 -0.08691094 -0.9647588 -0.2370764 -0.1141718 -0.9647583 -0.2228042 -0.1399991 -0.964757 -0.205732 -0.164068 -0.96476 -0.1860635 -0.1860604 -0.9647625 -0.1640563 -0.2057156 -0.9647589 -0.1399938 -0.2228047 -0.9647589 -0.1141723 -0.2370758 -0.9647566 -0.08691359 -0.2483762 -0.9647583 -0.05855288 -0.2565405 -0.96476 -0.02945868 -0.2614772 -0.9647584 5.082367e-07 -0.2631372 0.2576753 0.2150137 -0.9420046 0.2576105 0.5140764 -0.8181456 0.2577071 0.8181225 -0.5140647 0.257686 0.9420008 -0.215017 0.2576884 0.9420062 0.2149905 0.2576946 0.8181314 0.514057 0.2576737 0.5140782 0.8181246 0.2576793 0.2149995 0.9420067 0.2576858 -0.2150258 0.9419989 0.2576995 -0.5140527 0.8181325 0.2576973 -0.8181221 0.5140704 0.2576861 -0.9420008 0.215017 0.2576882 -0.9420062 -0.2149911 0.2577037 -0.8181234 -0.5140651 0.2576318 -0.514068 -0.8181442 0.2576793 -0.2149991 -0.9420068 0.96463 0.1640227 -0.2063624 0.9646216 0.2489822 0.08667795 0.9913126 0.09321379 -0.09279294 0.9647598 -0.02945796 -0.2614779 0.9647588 -0.05855139 -0.2565388 0.8640479 -0.05635503 -0.5002453 0.8640288 -0.1120315 -0.4908188 0.7047883 -0.07942334 -0.7049577 0.7047556 -0.1578791 -0.6916601 0.4979489 -0.09710571 -0.8617525 0.4979901 -0.1929689 -0.8454401 0.2576483 -0.1081956 -0.960162 0.9647585 -0.1141718 -0.2370776 0.9647586 -0.1399964 -0.2228046 0.8640434 -0.2184244 -0.4535634 0.8640374 -0.2678365 -0.4262664 0.7047772 -0.3078108 -0.6391726 0.7047973 -0.3774219 -0.6006775 0.4979638 -0.3762623 -0.7813186 0.4980001 -0.4613571 -0.7342653 0.2576615 -0.4192363 -0.8705467 0.9647575 -0.2057318 -0.1640653 0.964758 -0.2228049 -0.14 0.8640542 -0.3935697 -0.3138681 0.8640394 -0.4262626 -0.2678362 0.7047777 -0.5546542 -0.4423201 0.7047658 -0.6007011 -0.3774432 0.4979318 -0.6780186 -0.5406983 0.4979655 -0.734274 -0.4613806 0.2576527 -0.7554325 -0.6024423 0.9647561 -0.24838 -0.0869082 0.9647595 -0.2565363 -0.05855104 0.864033 -0.4751861 -0.1662686 0.8640305 -0.4908172 -0.1120255 0.7047794 -0.6696193 -0.2342988 0.7047954 -0.6916245 -0.1578575 0.4979811 -0.8185251 -0.2864115 0.4979829 -0.8454471 -0.1929567 0.2576692 -0.9120112 -0.3191273 0.9647617 -0.2614705 0.02946237 0.9647597 -0.2565357 0.05855083 0.8640243 -0.5002836 0.0563775 0.8640284 -0.490821 0.1120253 0.704759 -0.7049842 0.07944829 0.7047979 -0.6916242 0.1578475 0.4980084 -0.8617197 0.09709143 0.4979848 -0.8454451 0.1929604 0.2576632 -0.9601609 0.10817 0.9647587 -0.2370764 0.1141725 0.9647609 -0.2227979 0.1399915 0.8640444 -0.453562 0.2184233 0.864036 -0.4262655 0.2678425 0.7047765 -0.6391729 0.3078116 0.7047643 -0.6007009 0.3774464 0.4979568 -0.7813174 0.3762741 0.4979554 -0.7342786 0.4613842 0.2576682 -0.8705406 0.4192448 0.9647635 -0.1640537 0.205713 0.9647608 -0.1399945 0.2227963 0.8640327 -0.3138898 0.3935997 0.8640345 -0.2678461 0.4262661 0.7047703 -0.4423326 0.5546537 0.7047609 -0.377446 0.600705 0.4980077 -0.5406801 0.6779774 0.4979602 -0.4613686 0.7342851 0.2576753 -0.6024416 0.7554254 0.9647642 -0.08690268 0.2483505 0.9647597 -0.05855305 0.256535 0.8640219 -0.1662772 0.4752032 0.8640284 -0.1120321 0.4908195 0.7047516 -0.2343184 0.6696417 0.7047537 -0.157874 0.6916632 0.4979822 -0.2864091 0.8185252 0.4979926 -0.192977 0.8454368 0.257663 -0.3191189 0.9120159 0.964762 0.02945986 0.2614698 0.9647591 0.05855746 0.2565362 0.864022 0.05637181 0.5002881 0.8640298 0.1120281 0.4908179 0.7047584 0.07943203 0.7049866 0.7047533 0.1578747 0.6916635 0.4979489 0.09710589 0.8617525 0.49799 0.1929693 0.84544 0.2576684 0.108191 0.9601571 0.964759 0.1141712 0.237076 0.964761 0.1399946 0.2227954 0.8640223 0.2184388 0.4535968 0.8640318 0.2678473 0.4262708 0.7047563 0.3078138 0.6391942 0.704771 0.3774389 0.6006977 0.4980088 0.3762412 0.7813001 0.4979641 0.461386 0.7342715 0.2576794 0.4192073 0.8705553 0.9647596 0.2057271 0.1640587 0.9647607 0.2227981 0.1399923 0.8640226 0.3936166 0.3138964 0.8640345 0.426267 0.2678446 0.7047684 0.5546588 0.4423292 0.7047612 0.6007055 0.3774447 0.498011 0.6779793 0.5406747 0.4979653 0.7342782 0.4613742 0.2576822 0.7554275 0.602436 0.9647596 0.2565354 0.05855325 0.8640432 0.4751667 0.1662708 0.8640307 0.4908169 0.1120253 0.7047823 0.6696141 0.2343052 0.7047961 0.6916237 0.1578578 0.4979818 0.8185249 0.2864109 0.4979816 0.8454477 0.1929572 0.2576703 0.9120115 0.3191254 0.9647617 0.2614705 -0.02946241 0.9647593 0.2565356 -0.05855721 0.8640242 0.5002836 -0.05637756 0.8640296 0.4908182 -0.1120286 0.7047587 0.7049845 -0.0794485 0.7047973 0.6916249 -0.1578474 0.4980085 0.8617197 -0.09709133 0.4979862 0.8454445 -0.1929595 0.257663 0.9601609 -0.1081704 0.9647612 0.23707 -0.1141649 0.9647583 0.2228042 -0.1399991 0.8640222 0.4535934 -0.2184458 0.8640357 0.4262677 -0.2678399 0.7047897 0.6391612 -0.3078058 0.7047692 0.6006956 -0.3774455 0.4979947 0.7813001 -0.3762597 0.4979663 0.7342739 -0.4613799 0.2576657 0.8705418 -0.4192439 0.9647598 0.1399929 -0.2228015 0.864032 0.3138846 -0.3936053 0.8640315 0.2678412 -0.4262753 0.7047667 0.4423205 -0.5546679 0.7048114 0.377424 -0.6006596 0.4979672 0.5406879 -0.678001 0.4979995 0.4613732 -0.7342556 0.2576729 0.6024337 -0.7554325 0.9647563 0.08691395 -0.2483771 0.9647581 0.05855307 -0.2565412 0.8640335 0.1662787 -0.4751815 0.8640291 0.1120253 -0.4908197 0.7047806 0.2343117 -0.6696136 0.7047574 0.1578683 -0.6916607 0.4979766 0.2864166 -0.818526 0.4979926 0.1929774 -0.8454366 0.2576708 0.3191273 -0.9120107 0.9647584 -4.579839e-07 -0.2631372 0.8640377 -2.90645e-06 -0.5034272 0.7047845 -1.112297e-06 -0.7094214 0.498002 8.500609e-06 -0.8671759 0.257637 -2.869959e-06 -0.9662418 0.2576643 -0.3191345 -0.91201 0.4979812 -0.2864162 -0.8185234 0.7047816 -0.2343077 -0.6696139 0.8640325 -0.1662816 -0.4751823 0.9647564 -0.0869162 -0.2483761 0.2576662 -0.6024379 -0.7554315 0.4979618 -0.5406946 -0.6779996 0.7047714 -0.4423281 -0.5546558 0.864033 -0.3138871 -0.3936012 0.9647624 -0.1640539 -0.205718 0.9647606 -0.1860618 -0.186059 0.8640396 -0.355978 -0.3559707 0.7047911 -0.5016289 -0.5016353 0.4979519 -0.613206 -0.6132066 0.2576606 -0.6832365 -0.6832268 0.2576649 -0.8705423 -0.4192434 0.4979539 -0.7813206 -0.3762712 0.7047754 -0.6391735 -0.3078131 0.8640432 -0.4535613 -0.2184297 0.9647587 -0.2370762 -0.1141731 0.2576558 -0.9601615 -0.1081819 0.4980063 -0.8617194 -0.09710492 0.7047624 -0.7049821 -0.07943692 0.8640232 -0.5002859 -0.05637304 0.9647619 -0.2614695 -0.02946542 0.9647587 -0.2631363 1.756236e-06 0.8640354 -0.503431 -3.200072e-06 0.7047796 -0.7094263 -4.04761e-06 0.4979469 -0.8672075 9.701181e-06 0.2576435 -0.96624 1.112781e-06 0.2576701 -0.9120141 0.3191181 0.4979756 -0.8185291 0.2864094 0.7047848 -0.6696136 0.234299 0.8640314 -0.4751878 0.1662717 0.9647557 -0.2483804 0.08691153 0.2576844 -0.7554336 0.6024275 0.4979733 -0.6779982 0.5406858 0.7047549 -0.5546707 0.4423358 0.8640417 -0.3935912 0.3138757 0.9647596 -0.2057261 0.1640602 0.9647614 -0.1860572 0.1860597 0.8640253 -0.3559867 0.3559968 0.7047626 -0.5016504 0.5016539 0.4980021 -0.6131887 0.6131831 0.2576556 -0.6832304 0.6832348 0.257675 -0.4192166 0.8705522 0.4980146 -0.37625 0.7812921 0.7047463 -0.3078135 0.6392054 0.8640234 -0.2184351 0.4535964 0.9647606 -0.114165 0.2370725 0.2576699 -0.1081724 0.9601588 0.4979512 -0.09709051 0.8617529 0.7047547 -0.07943461 0.70499 0.8640247 -0.05636914 0.5002838 0.9647611 -0.02946039 0.2614729 0.9647648 -1.22203e-06 0.2631137 0.8640259 -5.499546e-07 0.5034473 0.704751 1.237775e-06 0.7094547 0.498002 -8.403134e-06 0.8671759 0.2577072 -6.344999e-06 0.9662231 0.2576715 0.3191203 0.912013 0.4979815 0.286414 0.818524 0.7047506 0.2343178 0.669643 0.8640222 0.1662784 0.4752022 0.9647641 0.08689827 0.2483526 0.2576849 0.6024279 0.755433 0.4980099 0.5406715 0.6779826 0.7047664 0.4423317 0.5546593 0.8640322 0.3138867 0.3936032 0.9647635 0.1640512 0.2057146 0.9647617 0.1860558 0.1860595 0.8640229 0.3559939 0.3559955 0.7047643 0.5016527 0.5016491 0.4980016 0.6131896 0.6131826 0.2576564 0.683234 0.6832309 0.2576678 0.8705395 0.4192472 0.4980022 0.7812927 0.3762651 0.7047873 0.6391607 0.3078124 0.8640243 0.4535948 0.2184346 0.9647607 0.2370722 0.1141644 0.2576561 0.9601615 0.1081816 0.4980061 0.8617195 0.09710514 0.7047627 0.7049818 0.07943672 0.8640233 0.5002858 0.05637295 0.9647619 0.2614695 0.02946542 0.9647587 0.2631363 -1.681619e-06 0.8640354 0.503431 3.339053e-06 0.7047796 0.7094263 4.201891e-06 0.4979468 0.8672076 -9.549813e-06 0.2576435 0.96624 -9.260739e-07 0.2576675 0.912014 -0.3191206 0.4979804 0.8185243 -0.2864147 0.7047809 0.6696139 -0.2343099 0.8640445 0.4751679 -0.1662607 0.9647642 0.2483518 -0.08689876 0.257646 0.7554313 -0.6024467 0.4979756 0.6779983 -0.5406835 0.7047853 0.5546472 -0.4423167 0.8640373 0.3935952 -0.3138827 0.9647569 0.2057322 -0.1640679 0.9647596 0.1860641 -0.1860618 0.864042 0.3559766 -0.3559665 0.7047859 0.5016392 -0.5016323 0.4979562 0.6132041 -0.6132049 0.2576561 0.683236 -0.683229 0.9914369 0.1240819 0.04070158 0.9914405 0.1272854 0.02905284 0.9914413 0.1297319 0.01461925 0.9914413 0.1305535 -1.73341e-07 0.9914414 0.1297316 -0.01461816 0.9914406 0.1272849 -0.02905322 0.9914401 0.1232354 -0.04312312 0.9914413 0.1176247 -0.05664366 0.9914416 0.1105414 -0.069456 0.9914401 0.1020773 -0.08140536 0.2576632 0.4192346 -0.870547 0.4979539 0.3762574 -0.7813273 0.7047874 0.3078044 -0.6391644 0.8640433 0.2184298 -0.4535611 0.9647571 0.1141755 -0.2370817 0.2576551 0.1081895 -0.9601609 0.4979513 0.0970907 -0.8617528 0.7047882 0.07943041 -0.704957 0.8640468 0.05636316 -0.5002463 0.96476 0.0294587 -0.2614772 0 1 0 -0.03269246 0.9994655 0 0 1 0 -0.06542004 0.9978578 0 0 1 0 0 1 0 0 1 0 0 1 0 0 1 0 0 1 0 0 1 0 0 1 0 0 1 0 0 1 0 0 1 0 0 1 0 0 1 0 0 1 0 0 1 0 0 1 0 0 1 0 0 1 0 0 1 0 0 1 0 0 1 0 0 1 0 0 1 0 0 1 0 0 1 0 0 1 0 0 1 0 0 1 0 0 1 0 0 1 0 0 1 0 0 1 0 0 1 0 0 1 0 0 1 0 0 1 0 0 1 0 0 1 0 0 1 0 0 1 0 0 1 0 0 1 0 0 1 0 0 1 0 0 1 0 0 1 0 0 1 0 0 1 0 0 1 0 0 1 0 0 1 0 0 1 0 0 1 0 0 1 0 0 1 0 0 1 0 0 1 0 0 1 0 0 -1 0 0 -1 0 0.06549795 -0.9978527 0 0.03273135 -0.9994642 0 0 -1 0 0 -1 0 0 -1 0 0 -1 0 0 -1 0 0 -1 0 0 -1 0 0 -1 0 0 -1 0 0 -1 0 0 -1 0 0 -1 0 0 -1 0 0 -1 0 0 -1 0 0 -1 0 0 -1 0 0 -1 0 0 -1 0 0 -1 0 0 -1 0 0 -1 0 0 0 1 0 0 1 -0.9659238 0.2588265 0 -0.9659238 0.2588265 0 -0.8660326 0.4999875 0 -0.8660326 0.4999875 0 -0.7071205 0.707093 0 -0.7071205 0.707093 0 -0.499958 0.8660496 0 -0.499958 0.8660496 0 -0.2587932 0.9659327 0 -0.2587932 0.9659327 0 0.2588716 -0.9659117 0 0.2588716 -0.9659117 0 0.4999016 -0.8660822 0 0.4999016 -0.8660822 0 0.7070768 -0.7071368 0 0.7070768 -0.7071368 0 0.8660205 -0.5000084 0 0.8660205 -0.5000084 0 0.9659186 -0.258846 0 0.9659186 -0.258846 0 0 0 -1 0 0 -1 0 0 -1 0 0 -1 0 0 -1 0 0 -1 0 0 -1 0 0 -1 0 0 1 0 0 1 0 0 1 0 0 1 0 0 1 0 0 1 0 0 1 0 0 1 0 0 1 0 0 1 -0.9863614 0 -0.1645939 -0.9863614 0 -0.1645939 -0.9458166 0 -0.3247013 -0.9458166 0 -0.3247013 -0.8794726 0 -0.4759495 -0.8794726 0 -0.4759495 -0.7891399 0 -0.6142135 -0.7891399 0 -0.6142135 -0.6772864 0 -0.7357194 -0.6772864 0 -0.7357194 -0.5469571 0 -0.8371606 -0.5469571 0 -0.8371606 -0.4016972 0 -0.9157725 -0.4016972 0 -0.9157725 -0.2454759 0 -0.9694027 -0.2454759 0 -0.9694027 -0.08257024 0 -0.9965852 -0.08257024 0 -0.9965852 0.08257024 0 -0.9965852 0.08257024 0 -0.9965852 0.2454759 0 -0.9694027 0.2454759 0 -0.9694027 0.4016972 0 -0.9157725 0.4016972 0 -0.9157725 0.5469563 0 -0.8371612 0.5469563 0 -0.8371612 0.6772901 0 -0.7357161 0.6772901 0 -0.7357161 0.789141 0 -0.614212 0.789141 0 -0.614212 0.8794672 0 -0.4759596 0.8794672 0 -0.4759596 0.9458157 0 -0.3247039 0.9458157 0 -0.3247039 0.9863625 0 -0.1645876 0.9863625 0 -0.1645876 0 -0.2588196 0.9659257 0 -0.2588196 0.9659257 0 -0.5000012 0.8660247 0 -0.5000012 0.8660247 0 -0.7071056 0.707108 0 -0.7071056 0.707108 0 -0.8660244 0.5000017 0 -0.8660244 0.5000017 0 -0.9659271 0.2588143 0 -0.9659271 0.2588143 0 -0.9659271 0.2588143 0 -0.9659271 0.2588143 0 -0.8660244 0.5000017 0 -0.8660244 0.5000017 0 -0.7071056 0.707108 0 -0.7071056 0.707108 0 -0.5000012 0.8660247 0 -0.5000012 0.8660247 0 -0.2588196 0.9659257 0 -0.2588196 0.9659257 0 -1 0 0 -1 0 0 -1 0 0 -1 0 0 -1 0 0 -1 0 0 -1 0 0 -1 0 0 -1 0 0 -1 0 0 -1 0 0 -1 0 0 -1 0 0 -1 0 0 -1 0 0 -1 0 0 -1 0 0 -1 0 0 -1 0 0 -1 0 0 -1 0 0 -1 0 0 -1 0 0 -1 0 0 -1 0 0 -1 0 0 -1 0 0 -1 0 0 -1 0 0 -1 0 0 -1 0 0 -1 0 0 -1 0 0 -1 0 0 -1 0 0 -1 0 0 -1 0 0 -1 0 0 -1 0 0 -1 0 0 -1 0 0 -1 0 0 -1 0 0 -1 0 0 -1 0 0 -1 0 0 -1 0 0 -1 0 0 -1 0 0 -1 0 0 -1 0 0 -1 0 0 -1 0 0 -1 0 0 -1 0 0 -1 0 0 -1 0 0 -1 0 0 -1 0 0 -1 0 0 -1 0 0 -1 0 0 -1 0 0 -1 0 0 -1 0 0 -1 0 0 -1 0 0 -1 0 0 -1 0 0 -1 0 0 -1 0 0 -1 0 0 -1 0 0 -1 0 0 -1 0 0 -1 0 0 -1 0 0 -1 0 0 -1 0 0 -1 0 0 -1 0 0 -1 0 0 -1 0 0 -1 0 0 -1 0 0 -1 0 0 -1 0 0 -1 0 0 -1 0 0 -1 0 0 -1 0 0 -1 0 0 -1 0 0 -1 0 0 -1 0 0 -1 0 0 -1 0 0 -1 0 0 -1 0 0 -1 0 0 -1 0 0 -1 0 0 -1 0 0 -1 0 0 -1 0 0 -1 0 0 -1 0 0 -1 0 0 -1 0 0 -1 0 0 -1 0 0 -1 0 0 -1 0 0 -1 0 0 -1 0 0 -1 0 0 -1 0 0 -1 0 0 -1 0 0 -1 0 0 -1 0 0 -1 0 0 -1 0 0 -1 0 0 -1 0 0 -1 0 0 -1 0 0 -1 0 0 -1 0 0 -1 0 0 -1 0 0 -1 0 0 -1 0 0 -1 0 0 -1 0 0 -1 0 0 -1 0 0 -1 0 0 -1 0 0 -1 0 0 -1 0 0 -1 0 0 -1 0 0 -1 0 0 -1 0 0 -1 0 0 -1 0 0 -1 0 0 -1 0 0 -1 0 0 -1 0 0 -1 0 0 -1 0 0 -1 0 0 -1 0 0 -1 0 0 -1 0 0 -1 0 0 -1 0 0 -1 0 0 -1 0 0 -1 0 0 -1 0 0 -1 0 0 -1 0 0 -1 0 0 -1 0 0 -1 0 0 -1 0 -0.9978585 0 0.06540945 -0.9978585 0 0.06540945 -1 0 0 -0.9978589 0 -0.06540321 -0.9978589 0 -0.06540321 -0.06540471 0 -0.9978588 -0.06540471 0 -0.9978588 0 0 -1 0.06540321 0 -0.9978589 0.06540321 0 -0.9978589 0.9978589 0 -0.06540321 0.9978589 0 -0.06540321 1 0 0 0.9978585 0 0.06540945 0.9978585 0 0.06540945 0.06540321 0 0.9978589 0.06540321 0 0.9978589 0 0 1 -0.06540471 0 0.9978588 -0.06540471 0 0.9978588 -0.2588198 0 0.9659256 -0.2588198 0 0.9659256 -0.500007 0 0.8660214 -0.500007 0 0.8660214 -0.7071087 0 0.7071049 -0.7071087 0 0.7071049 -0.8660297 0 0.4999926 -0.8660297 0 0.4999926 -0.965928 0 0.258811 -0.965928 0 0.258811 0.965928 0 0.258811 0.965928 0 0.258811 0.866024 0 0.5000025 0.866024 0 0.5000025 0.7071068 0 0.7071068 0.7071068 0 0.7071068 0.5000184 0 0.8660148 0.5000184 0 0.8660148 0.2588226 0 0.9659249 0.2588226 0 0.9659249 -0.9659249 0 -0.2588226 -0.9659249 0 -0.2588226 -0.8660351 0 -0.4999833 -0.8660351 0 -0.4999833 -0.7071024 0 -0.7071112 -0.7071024 0 -0.7071112 -0.4999741 0 -0.8660404 -0.4999741 0 -0.8660404 -0.2588198 0 -0.9659256 -0.2588198 0 -0.9659256 0.2588226 0 -0.9659249 0.2588226 0 -0.9659249 0.4999855 0 -0.8660338 0.4999855 0 -0.8660338 0.7071005 0 -0.707113 0.7071005 0 -0.707113 0.8660294 0 -0.4999931 0.8660294 0 -0.4999931 0.9659249 0 -0.2588226 0.9659249 0 -0.2588226 -8.911159e-18 0 -1 8.911159e-18 0 -1 -0.2588098 0 -0.9659283 -0.2588098 0 -0.9659283 -0.4999668 0 -0.8660446 -0.4999668 0 -0.8660446 -0.7071068 0 -0.7071068 -0.7071068 0 -0.7071068 -0.8660446 0 -0.4999668 -0.8660446 0 -0.4999668 -0.9659283 0 -0.2588098 -0.9659283 0 -0.2588098 -1 0 -6.946227e-06 -1 0 -6.946227e-06 -0.9659248 0 0.2588228 -0.9659248 0 0.2588228 -0.8660344 0 0.4999844 -0.8660344 0 0.4999844 -0.7071068 0 0.7071068 -0.7071068 0 0.7071068 -0.5000094 0 0.86602 -0.5000094 0 0.86602 -0.2588064 0 0.9659292 -0.2588064 0 0.9659292 -8.911035e-18 0 1 8.911035e-18 0 1 0.2588064 0 0.9659292 0.2588064 0 0.9659292 0.5000094 0 0.86602 0.5000094 0 0.86602 0.7071068 0 0.7071068 0.7071068 0 0.7071068 0.8660344 0 0.4999844 0.8660344 0 0.4999844 0.9659248 0 0.2588228 0.9659248 0 0.2588228 1 0 -6.946227e-06 1 0 -6.946227e-06 0.9659283 0 -0.2588098 0.9659283 0 -0.2588098 0.8660446 0 -0.4999668 0.8660446 0 -0.4999668 0.7071068 0 -0.7071068 0.7071068 0 -0.7071068 0.4999668 0 -0.8660446 0.4999668 0 -0.8660446 0.2588098 0 -0.9659283 0.2588098 0 -0.9659283 -4.455579e-18 0 -1 8.911159e-18 0 -1 -0.2588098 0 -0.9659283 -0.2588098 0 -0.9659283 -0.4999851 0 -0.866034 -0.4999851 0 -0.866034 -0.7071171 0 -0.7070964 -0.7071171 0 -0.7070964 -0.8660373 0 -0.4999795 -0.8660373 0 -0.4999795 -0.9659269 0 -0.258815 -0.9659269 0 -0.258815 -1 0 -6.9463e-07 -1 0 -6.9463e-07 -0.9659266 0 0.2588163 -0.9659266 0 0.2588163 -0.8660379 0 0.4999784 -0.8660379 0 0.4999784 -0.7071075 0 0.7071061 -0.7071075 0 0.7071061 -0.4999875 0 0.8660326 -0.4999875 0 0.8660326 -0.2588085 0 0.9659287 -0.2588085 0 0.9659287 0 0 1 -8.911109e-18 0 1 0.2588085 0 0.9659287 0.2588085 0 0.9659287 0.4999875 0 0.8660326 0.4999875 0 0.8660326 0.7071075 0 0.7071061 0.7071075 0 0.7071061 0.8660379 0 0.4999784 0.8660379 0 0.4999784 0.9659266 0 0.2588163 0.9659266 0 0.2588163 1 0 -6.9463e-07 1 0 -6.9463e-07 0.9659269 0 -0.258815 0.9659269 0 -0.258815 0.8660373 0 -0.4999795 0.8660373 0 -0.4999795 0.7071171 0 -0.7070964 0.7071171 0 -0.7070964 0.4999851 0 -0.866034 0.4999851 0 -0.866034 0.2588098 0 -0.9659283 0.2588098 0 -0.9659283 -2.361455e-16 0 -1 -2.406011e-16 0 -1 -0.2588163 0 -0.9659266 -0.2588163 0 -0.9659266 -0.4999995 0 -0.8660257 -0.4999995 0 -0.8660257 -0.7071187 0 -0.7070948 -0.7071187 0 -0.7070948 -0.8660253 0 -0.5000002 -0.8660253 0 -0.5000002 -0.9659259 0 -0.2588187 -0.9659259 0 -0.2588187 -1 0 -6.944659e-07 -1 0 -6.944659e-07 -0.9659256 0 0.25882 -0.9659256 0 0.25882 -0.8660259 0 0.4999991 -0.8660259 0 0.4999991 -0.7071091 0 0.7071045 -0.7071091 0 0.7071045 -0.5000019 0 0.8660243 -0.5000019 0 0.8660243 -0.2588149 0 0.9659269 -0.2588149 0 0.9659269 -2.495108e-16 0 1 -2.316886e-16 0 1 0.2588149 0 0.9659269 0.2588149 0 0.9659269 0.5000019 0 0.8660243 0.5000019 0 0.8660243 0.7071088 0 0.7071048 0.7071088 0 0.7071048 0.8660252 0 0.5000003 0.8660252 0 0.5000003 0.9659257 0 0.2588194 0.9659257 0 0.2588194 1 0 -6.944495e-07 1 0 -6.944495e-07 0.9659261 0 -0.2588182 0.9659261 0 -0.2588182 0.8660246 0 -0.5000014 0.8660246 0 -0.5000014 0.7071184 0 -0.7070951 0.7071184 0 -0.7070951 0.4999995 0 -0.8660257 0.4999995 0 -0.8660257 0.2588163 0 -0.9659266 0.2588163 0 -0.9659266 -2.539678e-16 0 -1 -2.584234e-16 0 -1 -0.2588163 0 -0.9659266 -0.2588163 0 -0.9659266 -0.4999812 0 -0.8660362 -0.4999812 0 -0.8660362 -0.7071084 0 -0.7071052 -0.7071084 0 -0.7071052 -0.8660326 0 -0.4999875 -0.8660326 0 -0.4999875 -0.9659273 0 -0.2588135 -0.9659273 0 -0.2588135 -1 0 -6.944586e-06 -1 0 -6.944586e-06 -0.9659238 0 0.2588265 -0.9659238 0 0.2588265 -0.8660224 0 0.5000051 -0.8660224 0 0.5000051 -0.7071084 0 0.7071052 -0.7071084 0 0.7071052 -0.5000238 0 0.8660117 -0.5000238 0 0.8660117 -0.2588128 0 0.9659275 -0.2588128 0 0.9659275 -2.495087e-16 0 1 -2.405977e-16 0 1 0.2588128 0 0.9659275 0.2588128 0 0.9659275 0.5000238 0 0.8660117 0.5000238 0 0.8660117 0.7071081 0 0.7071055 0.7071081 0 0.7071055 0.8660217 0 0.5000063 0.8660217 0 0.5000063 0.965924 0 0.2588259 0.965924 0 0.2588259 1 0 -6.944422e-06 1 0 -6.944422e-06 0.9659275 0 -0.258813 0.9659275 0 -0.258813 0.8660319 0 -0.4999887 0.8660319 0 -0.4999887 0.7071081 0 -0.7071055 0.7071081 0 -0.7071055 0.4999812 0 -0.8660362 0.4999812 0 -0.8660362 0.2588163 0 -0.9659266 0.2588163 0 -0.9659266 0 -0.9723871 -0.2333737 0 -0.9723871 -0.2333737 0 -0.8910716 -0.4538627 0 -0.8910716 -0.4538627 0 -0.760546 -0.6492841 0 -0.760546 -0.6492841 0 -0.5880197 -0.8088466 0 -0.5880197 -0.8088466 0 -0.5880197 -0.8088466 0 -0.5880197 -0.8088466 0 -0.760546 -0.6492841 0 -0.760546 -0.6492841 0 -0.8910716 -0.4538627 0 -0.8910716 -0.4538627 0 -0.9723871 -0.2333737 0 -0.9723871 -0.2333737</float_array>
          <technique_common>
            <accessor count="2811" source="#normals-array-array" stride="3">
              <param type="float" name="X"/>
              <param type="float" name="Y"/>
              <param type="float" name="Z"/>
            </accessor>
          </technique_common>
        </source>
        <vertices id="verts-array-vertices">
          <input semantic="POSITION" source="#verts-array"/>
        </vertices>
        <triangles count="4490" material="material0">
          <input offset="0" semantic="VERTEX" source="#verts-array-vertices"/>
          <input offset="1" semantic="NORMAL" source="#normals-array"/>
          <p>0 0 1 1 2 2 3 3 2 2 1 1 2 2 3 3 4 4 4 4 5 5 2 2 6 6 2 2 5 5 2 2 6 6 7 7 8 8 9 9 10 10 11 11 10 10 9 9 10 10 11 11 12 12 10 10 13 13 14 14 14 14 15 15 10 10 16 16 10 10 15 15 10 10 16 16 8 8 17 17 18 18 19 19 20 20 19 19 18 18 19 19 20 20 21 21 22 22 23 23 24 24 25 25 24 24 23 23 26 26 27 27 28 28 29 29 28 28 27 27 28 28 29 29 30 30 31 31 32 32 33 33 34 34 33 33 32 32 35 35 36 36 37 37 37 37 38 38 35 35 39 39 35 35 38 38 35 35 39 39 40 40 31 31 41 41 32 32 42 42 32 32 41 41 32 32 42 42 35 35 43 43 35 35 42 42 35 35 43 43 36 36 44 44 45 45 46 46 35 35 46 46 45 45 46 46 35 35 47 47 40 40 47 47 35 35 48 48 49 49 50 50 51 51 50 50 49 49 52 52 50 50 53 53 54 54 53 53 50 50 51 51 55 55 50 50 56 56 50 50 55 55 50 50 56 56 57 57 54 54 58 58 53 53 59 59 53 53 58 58 53 53 59 59 60 60 57 57 61 61 50 50 62 62 50 50 61 61 50 50 62 62 54 54 63 63 64 64 59 59 65 65 59 59 64 64 59 59 65 65 60 60 66 66 67 67 68 68 69 69 68 68 67 67 68 68 69 69 70 70 71 71 72 72 73 73 74 74 73 73 72 72 73 73 74 74 75 75 76 76 77 77 78 78 79 79 78 78 77 77 80 80 81 81 82 82 83 83 82 82 81 81 83 83 84 84 82 82 85 85 82 82 84 84 82 82 85 85 86 86 86 86 87 87 82 82 88 88 82 82 87 87 82 82 88 88 89 89 90 90 91 91 92 92 93 93 92 92 91 91 89 89 94 94 82 82 95 95 82 82 94 94 82 82 95 95 91 91 96 96 91 91 95 95 91 91 96 96 93 93 97 97 98 98 99 99 100 100 99 99 98 98 101 101 98 98 102 102 103 103 102 102 98 98 104 104 105 105 98 98 106 106 98 98 105 105 98 98 106 106 100 100 101 101 107 107 98 98 108 108 98 98 107 107 98 98 108 108 104 104 103 103 109 109 102 102 110 110 102 102 109 109 102 102 110 110 111 111 111 111 112 112 102 102 113 113 102 102 112 112 102 102 113 113 114 114 115 115 116 116 117 117 115 115 117 117 118 118 119 119 118 118 117 117 118 118 119 119 120 120 121 121 120 120 119 119 120 120 121 121 122 122 123 123 122 122 121 121 122 122 123 123 124 124 125 125 124 124 123 123 124 124 125 125 126 126 127 127 126 126 125 125 126 126 127 127 128 128 103 103 128 128 127 127 128 128 103 103 98 98 82 82 91 91 129 129 130 130 129 129 91 91 129 129 130 130 131 131 132 132 131 131 130 130 131 131 132 132 133 133 134 134 133 133 132 132 133 133 134 134 135 135 136 136 135 135 134 134 135 135 136 136 137 137 138 138 137 137 136 136 137 137 138 138 139 139 140 140 139 139 138 138 139 139 140 140 141 141 142 142 141 141 140 140 143 143 144 144 145 145 145 145 146 146 143 143 147 147 143 143 146 146 143 143 147 147 148 148 148 148 149 149 143 143 150 150 143 143 149 149 143 143 150 150 151 151 75 75 74 74 152 152 153 153 152 152 74 74 152 152 153 153 154 154 155 155 154 154 153 153 154 154 155 155 156 156 157 157 156 156 155 155 156 156 157 157 158 158 159 159 158 158 157 157 158 158 159 159 160 160 161 161 160 160 159 159 160 160 161 161 162 162 163 163 162 162 161 161 162 162 163 163 164 164 165 165 164 164 163 163 166 166 167 167 168 168 169 169 168 168 167 167 170 170 171 171 172 172 171 171 173 173 172 172 174 174 172 172 173 173 172 172 174 174 175 175 176 176 175 175 174 174 176 176 177 177 175 175 178 178 175 175 177 177 175 175 178 178 179 179 180 180 181 181 182 182 183 183 182 182 181 181 184 184 185 185 186 186 187 187 186 186 185 185 186 186 187 187 188 188 189 189 188 188 187 187 168 168 187 187 190 190 191 191 192 192 193 193 182 182 194 194 180 180 195 195 180 180 194 194 180 180 195 195 196 196 197 197 182 182 198 198 183 183 198 198 182 182 198 198 183 183 199 199 191 191 199 199 183 183 199 199 191 191 200 200 193 193 200 200 191 191 168 168 201 201 166 166 202 202 166 166 201 201 166 166 202 202 203 203 204 204 205 205 206 206 168 168 206 206 205 205 206 206 168 168 207 207 208 208 207 207 168 168 192 192 209 209 210 210 191 191 211 211 192 192 212 212 192 192 211 211 192 192 212 212 213 213 214 214 215 215 216 216 182 182 216 216 215 215 216 216 182 182 217 217 197 197 217 217 182 182 214 214 218 218 215 215 219 219 215 215 218 218 215 215 219 219 220 220 221 221 220 220 219 219 220 220 221 221 222 222 203 203 222 222 221 221 222 222 203 203 223 223 202 202 223 223 203 203 190 190 224 224 168 168 225 225 168 168 224 224 168 168 225 225 226 226 226 226 227 227 168 168 228 228 168 168 227 227 168 168 228 228 208 208 229 229 230 230 231 231 232 232 231 231 230 230 231 231 232 232 233 233 229 229 234 234 230 230 235 235 230 230 234 234 230 230 235 235 236 236 237 237 236 236 235 235 236 236 237 237 238 238 196 196 238 238 237 237 238 238 196 196 239 239 195 195 239 239 196 196 169 169 240 240 168 168 241 241 168 168 240 240 168 168 241 241 187 187 242 242 187 187 241 241 187 187 242 242 189 189 172 172 243 243 170 170 244 244 170 170 243 243 170 170 244 244 245 245 246 246 247 247 192 192 248 248 192 192 247 247 192 192 248 248 209 209 249 249 250 250 251 251 252 252 251 251 250 250 249 249 251 251 232 232 253 253 232 232 251 251 232 232 253 253 254 254 204 204 255 255 205 205 256 256 205 205 255 255 205 205 256 256 257 257 258 258 257 257 256 256 257 257 258 258 259 259 245 245 259 259 258 258 259 259 245 245 260 260 244 244 260 260 245 245 210 210 261 261 192 192 262 262 192 192 261 261 192 192 262 262 263 263 264 264 175 175 265 265 179 179 265 265 175 175 265 265 179 179 266 266 267 267 266 266 179 179 213 213 268 268 192 192 269 269 192 192 268 268 192 192 269 269 246 246 264 264 270 270 175 175 271 271 175 175 270 270 175 175 271 271 272 272 273 273 272 272 271 271 272 272 273 273 274 274 252 252 274 274 273 273 274 274 252 252 275 275 250 250 275 275 252 252 248 248 276 276 209 209 277 277 209 209 276 276 209 209 277 277 278 278 279 279 278 278 277 277 278 278 279 279 254 254 280 280 254 254 279 279 254 254 280 280 232 232 281 281 232 232 280 280 232 232 281 281 233 233 263 263 282 282 192 192 283 283 192 192 282 282 192 192 283 283 284 284 285 285 284 284 283 283 284 284 285 285 184 184 286 286 184 184 285 285 184 184 286 286 185 185 286 286 287 287 185 185 288 288 185 185 287 287 185 185 288 288 179 179 289 289 179 179 288 288 179 179 289 289 267 267 290 290 291 291 292 292 293 293 292 292 291 291 292 292 293 293 294 294 295 295 294 294 293 293 294 294 295 295 296 296 297 297 296 296 295 295 296 296 297 297 298 298 299 299 298 298 297 297 298 298 299 299 300 300 301 301 300 300 299 299 300 300 301 301 302 302 303 303 302 302 301 301 302 302 303 303 304 304 305 305 304 304 303 303 304 304 305 305 306 306 307 307 306 306 305 305 306 306 307 307 308 308 309 309 308 308 307 307 308 308 309 309 310 310 311 311 310 310 309 309 310 310 311 311 312 312 313 313 312 312 311 311 312 312 313 313 314 314 315 315 314 314 313 313 314 314 315 315 316 316 317 317 316 316 315 315 316 316 317 317 318 318 319 319 318 318 317 317 318 318 319 319 320 320 321 321 320 320 319 319 320 320 321 321 322 322 323 323 322 322 321 321 322 322 323 323 324 324 325 325 324 324 323 323 324 324 325 325 326 326 327 327 326 326 325 325 326 326 327 327 328 328 327 327 329 329 328 328 330 330 328 328 329 329 328 328 330 330 331 331 332 332 331 331 330 330 331 331 332 332 333 333 334 334 333 333 332 332 333 333 334 334 335 335 336 336 335 335 334 334 335 335 336 336 337 337 338 338 337 337 336 336 337 337 338 338 339 339 340 340 339 339 338 338 339 339 340 340 341 341 342 342 341 341 340 340 341 341 342 342 343 343 344 344 343 343 342 342 343 343 344 344 345 345 346 346 345 345 344 344 345 345 346 346 347 347 348 348 347 347 346 346 347 347 348 348 349 349 350 350 349 349 348 348 349 349 350 350 351 351 352 352 351 351 350 350 351 351 352 352 353 353 354 354 353 353 352 352 353 353 354 354 355 355 356 356 355 355 354 354 355 355 356 356 357 357 358 358 357 357 356 356 357 357 358 358 359 359 360 360 359 359 358 358 359 359 360 360 361 361 362 362 361 361 360 360 361 361 362 362 363 363 364 364 363 363 362 362 363 363 364 364 365 365 366 366 365 365 364 364 365 365 366 366 290 290 367 367 290 290 366 366 290 290 367 367 291 291 368 368 369 369 370 370 371 371 370 370 369 369 370 370 371 371 372 372 373 373 374 374 375 375 376 376 375 375 374 374 375 375 376 376 377 377 377 377 376 376 378 378 379 379 378 378 376 376 378 378 379 379 380 380 381 381 382 382 383 383 368 368 370 370 384 384 385 385 384 384 370 370 384 384 385 385 386 386 386 386 385 385 387 387 388 388 387 387 385 385 387 387 388 388 389 389 389 389 388 388 390 390 391 391 390 390 388 388 390 390 391 391 392 392 393 393 394 394 395 395 396 396 395 395 394 394 380 380 379 379 397 397 398 398 397 397 379 379 397 397 398 398 399 399 381 381 400 400 382 382 401 401 382 382 400 400 382 382 401 401 398 398 402 402 398 398 401 401 398 398 402 402 399 399 403 403 404 404 405 405 406 406 405 405 404 404 405 405 406 406 383 383 407 407 383 383 406 406 383 383 407 407 381 381 392 392 391 391 408 408 409 409 408 408 391 391 408 408 409 409 410 410 394 394 411 411 396 396 412 412 396 396 411 411 396 396 412 412 409 409 413 413 409 409 412 412 409 409 413 413 410 410 414 414 415 415 416 416 403 403 405 405 417 417 418 418 417 417 405 405 417 417 418 418 419 419 414 414 420 420 415 415 421 421 415 415 420 420 415 415 421 421 422 422 373 373 423 423 374 374 424 424 374 374 423 423 374 374 424 424 416 416 425 425 416 416 424 424 416 416 425 425 414 414 419 419 418 418 426 426 427 427 426 426 418 418 426 426 427 427 428 428 421 421 429 429 422 422 430 430 422 422 429 429 422 422 430 430 395 395 431 431 395 395 430 430 395 395 431 431 393 393 432 432 433 433 434 434 434 434 435 435 432 432 436 436 432 432 435 435 432 432 436 436 427 427 437 437 427 427 436 436 427 427 437 437 428 428 438 438 439 439 433 433 440 440 433 433 439 439 433 433 440 440 434 434 441 441 442 442 443 443 372 372 443 443 442 442 443 443 372 372 444 444 371 371 444 444 372 372 441 441 445 445 442 442 446 446 442 442 445 445 442 442 446 446 438 438 447 447 438 438 446 446 438 438 447 447 439 439 448 448 449 449 450 450 451 451 450 450 452 452 453 453 452 452 450 450 452 452 453 453 454 454 455 455 454 454 453 453 454 454 455 455 456 456 456 456 455 455 457 457 458 458 457 457 455 455 457 457 458 458 459 459 459 459 458 458 460 460 461 461 460 460 458 458 460 460 461 461 462 462 462 462 461 461 463 463 464 464 463 463 461 461 463 463 464 464 465 465 466 466 467 467 468 468 469 469 468 468 467 467 451 451 470 470 450 450 471 471 450 450 470 470 450 450 471 471 472 472 473 473 474 474 450 450 475 475 450 450 474 474 466 466 468 468 476 476 477 477 476 476 468 468 476 476 477 477 478 478 479 479 478 478 477 477 478 478 479 479 480 480 472 472 481 481 450 450 482 482 450 450 481 481 450 450 482 482 473 473 475 475 483 483 450 450 484 484 450 450 483 483 450 450 484 484 448 448 467 467 485 485 469 469 486 486 469 469 485 485 469 469 486 486 487 487 480 480 479 479 488 488 489 489 488 488 479 479 488 488 489 489 490 490 489 489 491 491 492 492 493 493 494 494 495 495 487 487 495 495 494 494 495 495 487 487 496 496 486 486 496 496 487 487 493 493 497 497 494 494 498 498 494 494 497 497 494 494 498 498 464 464 499 499 464 464 498 498 464 464 499 499 465 465 492 492 500 500 489 489 501 501 489 489 500 500 489 489 501 501 502 502 502 502 503 503 489 489 504 504 489 489 503 503 489 489 504 504 505 505 505 505 506 506 489 489 507 507 489 489 506 506 489 489 507 507 490 490 508 508 509 509 510 510 511 511 510 510 509 509 510 510 511 511 512 512 513 513 512 512 511 511 512 512 513 513 514 514 515 515 514 514 513 513 514 514 515 515 516 516 517 517 516 516 515 515 516 516 517 517 518 518 519 519 518 518 517 517 518 518 519 519 520 520 521 521 520 520 519 519 520 520 521 521 522 522 523 523 522 522 521 521 522 522 523 523 524 524 525 525 524 524 523 523 524 524 525 525 526 526 527 527 526 526 525 525 526 526 527 527 528 528 529 529 528 528 527 527 528 528 529 529 530 530 531 531 530 530 529 529 530 530 531 531 532 532 533 533 532 532 531 531 532 532 533 533 534 534 535 535 534 534 533 533 534 534 535 535 536 536 537 537 536 536 535 535 536 536 537 537 538 538 539 539 538 538 537 537 538 538 539 539 540 540 541 541 540 540 539 539 540 540 541 541 542 542 543 543 542 542 541 541 542 542 543 543 544 544 545 545 544 544 543 543 544 544 545 545 546 546 547 547 546 546 545 545 546 546 547 547 548 548 549 549 548 548 547 547 548 548 549 549 550 550 551 551 550 550 549 549 550 550 551 551 552 552 553 553 552 552 551 551 552 552 553 553 554 554 555 555 554 554 553 553 554 554 555 555 556 556 557 557 556 556 555 555 556 556 557 557 558 558 559 559 558 558 557 557 558 558 559 559 560 560 561 561 560 560 559 559 560 560 561 561 562 562 563 563 562 562 561 561 562 562 563 563 564 564 565 565 564 564 563 563 564 564 565 565 566 566 567 567 566 566 565 565 566 566 567 567 568 568 569 569 568 568 567 567 568 568 569 569 570 570 571 571 570 570 569 569 570 570 571 571 572 572 573 573 572 572 571 571 572 572 573 573 574 574 575 575 574 574 573 573 574 574 575 575 576 576 577 577 576 576 575 575 576 576 577 577 578 578 579 579 578 578 577 577 578 578 579 579 580 580 581 581 580 580 579 579 580 580 581 581 582 582 583 583 582 582 581 581 582 582 583 583 584 584 585 585 584 584 583 583 584 584 585 585 586 586 587 587 586 586 585 585 586 586 587 587 588 588 589 589 588 588 587 587 588 588 589 589 590 590 591 591 590 590 589 589 590 590 591 591 592 592 593 593 592 592 591 591 592 592 593 593 594 594 595 595 594 594 593 593 594 594 595 595 596 596 597 597 596 596 595 595 596 596 597 597 598 598 599 599 598 598 597 597 598 598 599 599 600 600 601 601 600 600 599 599 600 600 601 601 602 602 603 603 602 602 601 601 602 602 603 603 604 604 605 605 604 604 603 603 604 604 605 605 606 606 607 607 606 606 605 605 606 606 607 607 608 608 609 609 608 608 607 607 608 608 609 609 610 610 611 611 610 610 609 609 610 610 611 611 612 612 613 613 612 612 611 611 612 612 613 613 614 614 615 615 614 614 613 613 614 614 615 615 616 616 617 617 616 616 615 615 616 616 617 617 618 618 619 619 618 618 617 617 618 618 619 619 620 620 621 621 620 620 619 619 620 620 621 621 622 622 623 623 622 622 621 621 622 622 623 623 624 624 625 625 624 624 623 623 624 624 625 625 626 626 627 627 626 626 625 625 626 626 627 627 628 628 629 629 628 628 627 627 628 628 629 629 630 630 631 631 630 630 629 629 630 630 631 631 632 632 633 633 632 632 631 631 632 632 633 633 634 634 635 635 634 634 633 633 634 634 635 635 636 636 637 637 636 636 635 635 636 636 637 637 638 638 639 639 638 638 637 637 638 638 639 639 640 640 641 641 640 640 639 639 640 640 641 641 642 642 643 643 642 642 641 641 642 642 643 643 644 644 645 645 644 644 643 643 644 644 645 645 646 646 647 647 646 646 645 645 646 646 647 647 648 648 649 649 648 648 647 647 648 648 649 649 650 650 651 651 650 650 649 649 650 650 651 651 652 652 653 653 652 652 651 651 652 652 653 653 654 654 655 655 654 654 653 653 654 654 655 655 656 656 657 657 656 656 655 655 656 656 657 657 658 658 659 659 658 658 657 657 658 658 659 659 660 660 661 661 660 660 659 659 660 660 661 661 662 662 663 663 662 662 661 661 662 662 663 663 664 664 665 665 664 664 663 663 664 664 665 665 666 666 667 667 666 666 665 665 666 666 667 667 668 668 669 669 668 668 667 667 668 668 669 669 670 670 671 671 670 670 669 669 670 670 671 671 672 672 673 673 672 672 671 671 672 672 673 673 674 674 675 675 674 674 673 673 674 674 675 675 676 676 677 677 676 676 675 675 676 676 677 677 678 678 679 679 678 678 677 677 678 678 679 679 680 680 681 681 680 680 679 679 680 680 681 681 682 682 683 683 682 682 681 681 682 682 683 683 508 508 509 509 508 508 683 683 684 684 685 685 686 686 687 687 686 686 685 685 686 686 687 687 688 688 689 689 688 688 687 687 688 688 689 689 690 690 691 691 690 690 689 689 690 690 691 691 692 692 693 693 692 692 691 691 692 692 693 693 694 694 695 695 694 694 693 693 694 694 695 695 696 696 697 697 696 696 695 695 696 696 697 697 698 698 699 699 698 698 697 697 698 698 699 699 700 700 701 701 700 700 699 699 700 700 701 701 702 702 703 703 702 702 701 701 702 702 703 703 704 704 705 705 704 704 703 703 704 704 705 705 706 706 707 707 706 706 705 705 706 706 707 707 708 708 709 709 708 708 707 707 708 708 709 709 710 710 711 711 710 710 709 709 710 710 711 711 712 712 713 713 712 712 711 711 712 712 713 713 714 714 715 715 714 714 713 713 714 714 715 715 716 716 717 717 716 716 715 715 716 716 717 717 718 718 719 719 718 718 717 717 718 718 719 719 720 720 721 721 720 720 719 719 720 720 721 721 722 722 723 723 722 722 721 721 722 722 723 723 724 724 725 725 724 724 723 723 724 724 725 725 726 726 727 727 726 726 725 725 726 726 727 727 728 728 729 729 728 728 727 727 728 728 729 729 730 730 731 731 730 730 729 729 730 730 731 731 684 684 685 685 684 684 731 731 581 581 732 732 583 583 733 733 583 583 732 732 583 583 733 733 585 585 734 734 585 585 733 733 585 585 734 734 587 587 735 735 587 587 734 734 587 587 735 735 589 589 581 581 579 579 732 732 577 577 732 732 579 579 732 732 577 577 736 736 575 575 736 736 577 577 736 736 575 575 737 737 573 573 737 737 575 575 737 737 573 573 738 738 571 571 738 738 573 573 738 738 571 571 739 739 569 569 739 739 571 571 569 569 567 567 739 739 565 565 739 739 567 567 739 739 565 565 740 740 563 563 740 740 565 565 740 740 563 563 741 741 561 561 741 741 563 563 741 741 561 561 742 742 559 559 742 742 561 561 559 559 557 557 742 742 555 555 742 742 557 557 742 742 555 555 743 743 553 553 743 743 555 555 743 743 553 553 744 744 551 551 744 744 553 553 744 744 551 551 745 745 549 549 745 745 551 551 745 745 549 549 746 746 547 547 746 746 549 549 547 547 545 545 746 746 543 543 746 746 545 545 746 746 543 543 747 747 541 541 747 747 543 543 747 747 541 541 748 748 539 539 748 748 541 541 748 748 539 539 749 749 537 537 749 749 539 539 537 537 535 535 749 749 533 533 749 749 535 535 749 749 533 533 750 750 531 531 750 750 533 533 750 750 531 531 751 751 529 529 751 751 531 531 751 751 529 529 752 752 527 527 752 752 529 529 752 752 527 527 753 753 525 525 753 753 527 527 525 525 523 523 753 753 521 521 753 753 523 523 753 753 521 521 754 754 519 519 754 754 521 521 754 754 519 519 755 755 517 517 755 755 519 519 755 755 517 517 756 756 515 515 756 756 517 517 515 515 513 513 756 756 511 511 756 756 513 513 756 756 511 511 757 757 509 509 757 757 511 511 757 757 509 509 758 758 683 683 758 758 509 509 758 758 683 683 759 759 681 681 759 759 683 683 759 759 681 681 760 760 679 679 760 760 681 681 679 679 677 677 760 760 675 675 760 760 677 677 760 760 675 675 761 761 673 673 761 761 675 675 761 761 673 673 762 762 671 671 762 762 673 673 762 762 671 671 763 763 669 669 763 763 671 671 669 669 667 667 763 763 665 665 763 763 667 667 763 763 665 665 764 764 663 663 764 764 665 665 764 764 663 663 765 765 661 661 765 765 663 663 765 765 661 661 766 766 659 659 766 766 661 661 766 766 659 659 767 767 657 657 767 767 659 659 657 657 655 655 767 767 653 653 767 767 655 655 767 767 653 653 768 768 651 651 768 768 653 653 768 768 651 651 769 769 649 649 769 769 651 651 769 769 649 649 770 770 647 647 770 770 649 649 647 647 645 645 770 770 643 643 770 770 645 645 770 770 643 643 771 771 641 641 771 771 643 643 771 771 641 641 772 772 639 639 772 772 641 641 772 772 639 639 773 773 637 637 773 773 639 639 773 773 637 637 774 774 635 635 774 774 637 637 635 635 633 633 774 774 631 631 774 774 633 633 774 774 631 631 775 775 629 629 775 775 631 631 775 775 629 629 776 776 627 627 776 776 629 629 776 776 627 627 777 777 625 625 777 777 627 627 625 625 623 623 777 777 621 621 777 777 623 623 777 777 621 621 778 778 619 619 778 778 621 621 778 778 619 619 779 779 617 617 779 779 619 619 779 779 617 617 780 780 615 615 780 780 617 617 780 780 615 615 781 781 613 613 781 781 615 615 613 613 611 611 781 781 609 609 781 781 611 611 781 781 609 609 782 782 607 607 782 782 609 609 782 782 607 607 783 783 605 605 783 783 607 607 783 783 605 605 784 784 603 603 784 784 605 605 603 603 601 601 784 784 599 599 784 784 601 601 784 784 599 599 785 785 597 597 785 785 599 599 785 785 597 597 786 786 595 595 786 786 597 597 786 786 595 595 787 787 593 593 787 787 595 595 787 787 593 593 735 735 591 591 735 735 593 593 735 735 591 591 589 589 785 785 788 788 784 784 789 789 784 784 788 788 784 784 789 789 783 783 790 790 783 783 789 789 783 783 790 790 782 782 791 791 782 782 790 790 782 782 791 791 781 781 792 792 781 781 791 791 781 781 792 792 780 780 793 793 780 780 792 792 780 780 793 793 779 779 794 794 779 779 793 793 779 779 794 794 778 778 795 795 778 778 794 794 778 778 795 795 777 777 796 796 777 777 795 795 777 777 796 796 776 776 797 797 776 776 796 796 776 776 797 797 775 775 798 798 775 775 797 797 775 775 798 798 774 774 799 799 774 774 798 798 774 774 799 799 773 773 800 800 773 773 799 799 773 773 800 800 772 772 801 801 772 772 800 800 772 772 801 801 771 771 802 802 771 771 801 801 771 771 802 802 770 770 803 803 770 770 802 802 770 770 803 803 769 769 804 804 769 769 803 803 769 769 804 804 768 768 805 805 768 768 804 804 768 768 805 805 767 767 806 806 767 767 805 805 767 767 806 806 766 766 807 807 766 766 806 806 766 766 807 807 765 765 808 808 765 765 807 807 765 765 808 808 764 764 809 809 764 764 808 808 764 764 809 809 763 763 810 810 763 763 809 809 763 763 810 810 762 762 811 811 762 762 810 810 762 762 811 811 761 761 812 812 761 761 811 811 761 761 812 812 760 760 813 813 760 760 812 812 760 760 813 813 759 759 814 814 759 759 813 813 759 759 814 814 758 758 815 815 758 758 814 814 758 758 815 815 757 757 816 816 757 757 815 815 757 757 816 816 756 756 817 817 756 756 816 816 756 756 817 817 755 755 818 818 755 755 817 817 755 755 818 818 754 754 819 819 754 754 818 818 754 754 819 819 753 753 820 820 753 753 819 819 753 753 820 820 752 752 821 821 752 752 820 820 752 752 821 821 751 751 822 822 751 751 821 821 751 751 822 822 750 750 823 823 750 750 822 822 750 750 823 823 749 749 824 824 749 749 823 823 749 749 824 824 748 748 825 825 748 748 824 824 748 748 825 825 747 747 826 826 747 747 825 825 747 747 826 826 746 746 827 827 746 746 826 826 746 746 827 827 745 745 828 828 745 745 827 827 745 745 828 828 744 744 829 829 744 744 828 828 744 744 829 829 743 743 830 830 743 743 829 829 743 743 830 830 742 742 831 831 742 742 830 830 742 742 831 831 741 741 832 832 741 741 831 831 741 741 832 832 740 740 833 833 740 740 832 832 740 740 833 833 739 739 834 834 739 739 833 833 739 739 834 834 738 738 835 835 738 738 834 834 738 738 835 835 737 737 836 836 737 737 835 835 737 737 836 836 736 736 837 837 736 736 836 836 736 736 837 837 732 732 838 838 732 732 837 837 732 732 838 838 733 733 839 839 733 733 838 838 733 733 839 839 734 734 840 840 734 734 839 839 734 734 840 840 735 735 841 841 735 735 840 840 735 735 841 841 787 787 842 842 787 787 841 841 787 787 842 842 786 786 843 843 786 786 842 842 786 786 843 843 785 785 788 788 785 785 843 843 843 843 844 844 788 788 845 845 788 788 844 844 788 788 845 845 789 789 846 846 789 789 845 845 789 789 846 846 790 790 847 847 790 790 846 846 790 790 847 847 791 791 848 848 791 791 847 847 791 791 848 848 792 792 849 849 792 792 848 848 792 792 849 849 793 793 850 850 793 793 849 849 793 793 850 850 794 794 851 851 794 794 850 850 794 794 851 851 795 795 852 852 795 795 851 851 795 795 852 852 796 796 853 853 796 796 852 852 796 796 853 853 797 797 854 854 797 797 853 853 797 797 854 854 798 798 855 855 798 798 854 854 798 798 855 855 799 799 856 856 799 799 855 855 799 799 856 856 800 800 857 857 800 800 856 856 800 800 857 857 801 801 858 858 801 801 857 857 801 801 858 858 802 802 859 859 802 802 858 858 802 802 859 859 803 803 860 860 803 803 859 859 803 803 860 860 804 804 861 861 804 804 860 860 804 804 861 861 805 805 862 862 805 805 861 861 805 805 862 862 806 806 863 863 806 806 862 862 806 806 863 863 807 807 864 864 807 807 863 863 807 807 864 864 808 808 865 865 808 808 864 864 808 808 865 865 809 809 866 866 809 809 865 865 809 809 866 866 810 810 867 867 810 810 866 866 810 810 867 867 811 811 868 868 811 811 867 867 811 811 868 868 812 812 869 869 812 812 868 868 812 812 869 869 813 813 870 870 813 813 869 869 813 813 870 870 814 814 871 871 814 814 870 870 814 814 871 871 815 815 872 872 815 815 871 871 815 815 872 872 816 816 873 873 816 816 872 872 816 816 873 873 817 817 874 874 817 817 873 873 817 817 874 874 818 818 875 875 818 818 874 874 818 818 875 875 819 819 876 876 819 819 875 875 819 819 876 876 820 820 877 877 820 820 876 876 820 820 877 877 821 821 878 878 821 821 877 877 821 821 878 878 822 822 879 879 822 822 878 878 822 822 879 879 823 823 880 880 823 823 879 879 823 823 880 880 824 824 881 881 824 824 880 880 824 824 881 881 825 825 882 882 825 825 881 881 825 825 882 882 826 826 883 883 826 826 882 882 826 826 883 883 827 827 884 884 827 827 883 883 827 827 884 884 828 828 885 885 828 828 884 884 828 828 885 885 829 829 886 886 829 829 885 885 829 829 886 886 830 830 887 887 830 830 886 886 830 830 887 887 831 831 888 888 831 831 887 887 831 831 888 888 832 832 889 889 832 832 888 888 832 832 889 889 833 833 890 890 833 833 889 889 833 833 890 890 834 834 891 891 834 834 890 890 834 834 891 891 835 835 892 892 835 835 891 891 835 835 892 892 836 836 893 893 836 836 892 892 836 836 893 893 837 837 894 894 837 837 893 893 837 837 894 894 838 838 895 895 838 838 894 894 838 838 895 895 839 839 896 896 839 839 895 895 839 839 896 896 840 840 897 897 840 840 896 896 840 840 897 897 841 841 898 898 841 841 897 897 841 841 898 898 842 842 899 899 842 842 898 898 842 842 899 899 843 843 844 844 843 843 899 899 899 899 900 900 844 844 901 901 844 844 900 900 844 844 901 901 845 845 902 902 845 845 901 901 845 845 902 902 846 846 903 903 846 846 902 902 846 846 903 903 847 847 904 904 847 847 903 903 847 847 904 904 848 848 905 905 848 848 904 904 848 848 905 905 849 849 906 906 849 849 905 905 849 849 906 906 850 850 907 907 850 850 906 906 850 850 907 907 851 851 908 908 851 851 907 907 851 851 908 908 852 852 909 909 852 852 908 908 852 852 909 909 853 853 910 910 853 853 909 909 853 853 910 910 854 854 911 911 854 854 910 910 854 854 911 911 855 855 912 912 855 855 911 911 855 855 912 912 856 856 913 913 856 856 912 912 856 856 913 913 857 857 914 914 857 857 913 913 857 857 914 914 858 858 915 915 858 858 914 914 858 858 915 915 859 859 916 916 859 859 915 915 859 859 916 916 860 860 917 917 860 860 916 916 860 860 917 917 861 861 918 918 861 861 917 917 861 861 918 918 862 862 919 919 862 862 918 918 862 862 919 919 863 863 920 920 863 863 919 919 863 863 920 920 864 864 921 921 864 864 920 920 864 864 921 921 865 865 922 922 865 865 921 921 865 865 922 922 866 866 923 923 866 866 922 922 866 866 923 923 867 867 924 924 867 867 923 923 867 867 924 924 868 868 925 925 868 868 924 924 868 868 925 925 869 869 926 926 869 869 925 925 869 869 926 926 870 870 927 927 870 870 926 926 870 870 927 927 871 871 928 928 871 871 927 927 871 871 928 928 872 872 929 929 872 872 928 928 872 872 929 929 873 873 930 930 873 873 929 929 873 873 930 930 874 874 931 931 874 874 930 930 874 874 931 931 875 875 932 932 875 875 931 931 875 875 932 932 876 876 933 933 876 876 932 932 876 876 933 933 877 877 934 934 877 877 933 933 877 877 934 934 878 878 935 935 878 878 934 934 878 878 935 935 879 879 936 936 879 879 935 935 879 879 936 936 880 880 937 937 880 880 936 936 880 880 937 937 881 881 938 938 881 881 937 937 881 881 938 938 882 882 939 939 882 882 938 938 882 882 939 939 883 883 940 940 883 883 939 939 883 883 940 940 884 884 941 941 884 884 940 940 884 884 941 941 885 885 942 942 885 885 941 941 885 885 942 942 886 886 943 943 886 886 942 942 886 886 943 943 887 887 944 944 887 887 943 943 887 887 944 944 888 888 945 945 888 888 944 944 888 888 945 945 889 889 946 946 889 889 945 945 889 889 946 946 890 890 947 947 890 890 946 946 890 890 947 947 891 891 948 948 891 891 947 947 891 891 948 948 892 892 949 949 892 892 948 948 892 892 949 949 893 893 950 950 893 893 949 949 893 893 950 950 894 894 951 951 894 894 950 950 894 894 951 951 895 895 952 952 895 895 951 951 895 895 952 952 896 896 953 953 896 896 952 952 896 896 953 953 897 897 954 954 897 897 953 953 897 897 954 954 898 898 955 955 898 898 954 954 898 898 955 955 899 899 900 900 899 899 955 955 955 955 956 956 900 900 957 957 900 900 956 956 900 900 957 957 901 901 958 958 901 901 957 957 901 901 958 958 902 902 959 959 902 902 958 958 902 902 959 959 903 903 960 960 903 903 959 959 903 903 960 960 904 904 961 961 904 904 960 960 904 904 961 961 905 905 962 962 905 905 961 961 905 905 962 962 906 906 963 963 906 906 962 962 906 906 963 963 907 907 964 964 907 907 963 963 907 907 964 964 908 908 965 965 908 908 964 964 908 908 965 965 909 909 966 966 909 909 965 965 909 909 966 966 910 910 967 967 910 910 966 966 910 910 967 967 911 911 968 968 911 911 967 967 911 911 968 968 912 912 969 969 912 912 968 968 912 912 969 969 913 913 970 970 913 913 969 969 913 913 970 970 914 914 971 971 914 914 970 970 914 914 971 971 915 915 972 972 915 915 971 971 915 915 972 972 916 916 973 973 916 916 972 972 916 916 973 973 917 917 974 974 917 917 973 973 917 917 974 974 918 918 975 975 918 918 974 974 918 918 975 975 919 919 976 976 919 919 975 975 919 919 976 976 920 920 977 977 920 920 976 976 920 920 977 977 921 921 978 978 921 921 977 977 921 921 978 978 922 922 979 979 922 922 978 978 922 922 979 979 923 923 980 980 923 923 979 979 923 923 980 980 924 924 981 981 924 924 980 980 924 924 981 981 925 925 982 982 925 925 981 981 925 925 982 982 926 926 983 983 926 926 982 982 926 926 983 983 927 927 984 984 927 927 983 983 927 927 984 984 928 928 985 985 928 928 984 984 928 928 985 985 929 929 986 986 929 929 985 985 929 929 986 986 930 930 987 987 930 930 986 986 930 930 987 987 931 931 988 988 931 931 987 987 931 931 988 988 932 932 989 989 932 932 988 988 932 932 989 989 933 933 990 990 933 933 989 989 933 933 990 990 934 934 991 991 934 934 990 990 934 934 991 991 935 935 992 992 935 935 991 991 935 935 992 992 936 936 993 993 936 936 992 992 936 936 993 993 937 937 994 994 937 937 993 993 937 937 994 994 938 938 995 995 938 938 994 994 938 938 995 995 939 939 996 996 939 939 995 995 939 939 996 996 940 940 997 997 940 940 996 996 940 940 997 997 941 941 998 998 941 941 997 997 941 941 998 998 942 942 999 999 942 942 998 998 942 942 999 999 943 943 1000 1000 943 943 999 999 943 943 1000 1000 944 944 1001 1001 944 944 1000 1000 944 944 1001 1001 945 945 1002 1002 945 945 1001 1001 945 945 1002 1002 946 946 1003 1003 946 946 1002 1002 946 946 1003 1003 947 947 1004 1004 947 947 1003 1003 947 947 1004 1004 948 948 1005 1005 948 948 1004 1004 948 948 1005 1005 949 949 1006 1006 949 949 1005 1005 949 949 1006 1006 950 950 1007 1007 950 950 1006 1006 950 950 1007 1007 951 951 1008 1008 951 951 1007 1007 951 951 1008 1008 952 952 1009 1009 952 952 1008 1008 952 952 1009 1009 953 953 1010 1010 953 953 1009 1009 953 953 1010 1010 954 954 1011 1011 954 954 1010 1010 954 954 1011 1011 955 955 956 956 955 955 1011 1011 962 962 1012 1012 963 963 1013 1013 963 963 1012 1012 963 963 1013 1013 964 964 1014 1014 964 964 1013 1013 964 964 1014 1014 965 965 1015 1015 965 965 1014 1014 965 965 1015 1015 966 966 1016 1016 966 966 1015 1015 966 966 1016 1016 967 967 1017 1017 967 967 1016 1016 967 967 1017 1017 968 968 1018 1018 968 968 1017 1017 968 968 1018 1018 969 969 1019 1019 969 969 1018 1018 969 969 1019 1019 970 970 1020 1020 970 970 1019 1019 970 970 1020 1020 971 971 1021 1021 971 971 1020 1020 971 971 1021 1021 972 972 449 449 972 972 1021 1021 972 972 449 449 973 973 449 449 448 448 973 973 484 484 973 973 448 448 973 973 484 484 974 974 483 483 974 974 484 484 974 974 483 483 975 975 475 475 975 975 483 483 975 975 475 475 976 976 474 474 976 976 475 475 976 976 474 474 977 977 473 473 977 977 474 474 977 977 473 473 978 978 482 482 978 978 473 473 978 978 482 482 979 979 481 481 979 979 482 482 979 979 481 481 980 980 472 472 980 980 481 481 980 980 472 472 981 981 471 471 981 981 472 472 981 981 471 471 982 982 470 470 982 982 471 471 982 982 470 470 983 983 451 451 983 983 470 470 983 983 451 451 984 984 452 452 984 984 451 451 984 984 452 452 985 985 454 454 985 985 452 452 985 985 454 454 986 986 456 456 986 986 454 454 986 986 456 456 987 987 457 457 987 987 456 456 987 987 457 457 988 988 459 459 988 988 457 457 988 988 459 459 989 989 460 460 989 989 459 459 989 989 460 460 990 990 462 462 990 990 460 460 990 990 462 462 991 991 463 463 991 991 462 462 991 991 463 463 992 992 465 465 992 992 463 463 992 992 465 465 993 993 499 499 993 993 465 465 993 993 499 499 994 994 498 498 994 994 499 499 994 994 498 498 995 995 497 497 995 995 498 498 995 995 497 497 996 996 493 493 996 996 497 497 996 996 493 493 997 997 495 495 997 997 493 493 997 997 495 495 998 998 496 496 998 998 495 495 998 998 496 496 999 999 486 486 999 999 496 496 999 999 486 486 1000 1000 485 485 1000 1000 486 486 1000 1000 485 485 1001 1001 467 467 1001 1001 485 485 1001 1001 467 467 1002 1002 466 466 1002 1002 467 467 1002 1002 466 466 1003 1003 476 476 1003 1003 466 466 1003 1003 476 476 1004 1004 478 478 1004 1004 476 476 1004 1004 478 478 1005 1005 480 480 1005 1005 478 478 1005 1005 480 480 1006 1006 488 488 1006 1006 480 480 1006 1006 488 488 1007 1007 490 490 1007 1007 488 488 1007 1007 490 490 1008 1008 507 507 1008 1008 490 490 1008 1008 507 507 1009 1009 506 506 1009 1009 507 507 1009 1009 506 506 1010 1010 505 505 1010 1010 506 506 1010 1010 505 505 1011 1011 504 504 1011 1011 505 505 1011 1011 504 504 956 956 503 503 956 956 504 504 956 956 503 503 957 957 502 502 957 957 503 503 957 957 502 502 958 958 501 501 958 958 502 502 958 958 501 501 959 959 500 500 959 959 501 501 959 959 500 500 960 960 492 492 960 960 500 500 960 960 492 492 961 961 491 491 961 961 492 492 961 961 491 491 962 962 1022 1022 962 962 491 491 962 962 1022 1022 1012 1012 602 602 604 604 1023 1023 612 612 614 614 1024 1024 624 624 626 626 1025 1025 634 634 636 636 1026 1026 646 646 648 648 1027 1027 656 656 658 658 1028 1028 668 668 670 670 1029 1029 678 678 680 680 1030 1030 514 514 516 516 1031 1031 524 524 526 526 1032 1032 536 536 538 538 1033 1033 546 546 548 548 1034 1034 558 558 560 560 1035 1035 568 568 570 570 1036 1036 580 580 582 582 1037 1037 590 590 592 592 1038 1038 371 371 369 369 1039 1039 1040 1040 1039 1039 369 369 1039 1039 1040 1040 1041 1041 1042 1042 1041 1041 1040 1040 1041 1041 1042 1042 1043 1043 1044 1044 1043 1043 1042 1042 1043 1043 1044 1044 1045 1045 1046 1046 1045 1045 1044 1044 1045 1045 1046 1046 1047 1047 1038 1038 1047 1047 1046 1046 384 384 386 386 1048 1048 1049 1049 1048 1048 386 386 1048 1048 1049 1049 1050 1050 1051 1051 1050 1050 1049 1049 1050 1050 1051 1051 1052 1052 1053 1053 1052 1052 1051 1051 1052 1052 1053 1053 1054 1054 1055 1055 1054 1054 1053 1053 1054 1054 1055 1055 1056 1056 1037 1037 1056 1056 1055 1055 390 390 392 392 1057 1057 1058 1058 1057 1057 392 392 1057 1057 1058 1058 1059 1059 1060 1060 1059 1059 1058 1058 1059 1059 1060 1060 1061 1061 1062 1062 1061 1061 1060 1060 1061 1061 1062 1062 1063 1063 1064 1064 1063 1063 1062 1062 1063 1063 1064 1064 1065 1065 1036 1036 1065 1065 1064 1064 410 410 413 413 1066 1066 1067 1067 1066 1066 413 413 1066 1066 1067 1067 1068 1068 1069 1069 1068 1068 1067 1067 1068 1068 1069 1069 1070 1070 1071 1071 1070 1070 1069 1069 1070 1070 1071 1071 1072 1072 1073 1073 1072 1072 1071 1071 1072 1072 1073 1073 1074 1074 1035 1035 1074 1074 1073 1073 394 394 393 393 1075 1075 1076 1076 1075 1075 393 393 1075 1075 1076 1076 1077 1077 1078 1078 1077 1077 1076 1076 1077 1077 1078 1078 1079 1079 1080 1080 1079 1079 1078 1078 1079 1079 1080 1080 1081 1081 1082 1082 1081 1081 1080 1080 1081 1081 1082 1082 1083 1083 1034 1034 1083 1083 1082 1082 430 430 429 429 1084 1084 1085 1085 1084 1084 429 429 1084 1084 1085 1085 1086 1086 1087 1087 1086 1086 1085 1085 1086 1086 1087 1087 1088 1088 1089 1089 1088 1088 1087 1087 1088 1088 1089 1089 1090 1090 1091 1091 1090 1090 1089 1089 1090 1090 1091 1091 1092 1092 1033 1033 1092 1092 1091 1091 414 414 425 425 1093 1093 1094 1094 1093 1093 425 425 1093 1093 1094 1094 1095 1095 1096 1096 1095 1095 1094 1094 1095 1095 1096 1096 1097 1097 1098 1098 1097 1097 1096 1096 1097 1097 1098 1098 1099 1099 1100 1100 1099 1099 1098 1098 1099 1099 1100 1100 1101 1101 1032 1032 1101 1101 1100 1100 423 423 373 373 1102 1102 1103 1103 1102 1102 373 373 1102 1102 1103 1103 1104 1104 1105 1105 1104 1104 1103 1103 1104 1104 1105 1105 1106 1106 1107 1107 1106 1106 1105 1105 1106 1106 1107 1107 1108 1108 1109 1109 1108 1108 1107 1107 1108 1108 1109 1109 1110 1110 1031 1031 1110 1110 1109 1109 378 378 380 380 1111 1111 1112 1112 1111 1111 380 380 1111 1111 1112 1112 1113 1113 1114 1114 1113 1113 1112 1112 1113 1113 1114 1114 1115 1115 1116 1116 1115 1115 1114 1114 1115 1115 1116 1116 1117 1117 1118 1118 1117 1117 1116 1116 1117 1117 1118 1118 1119 1119 1030 1030 1119 1119 1118 1118 399 399 402 402 1120 1120 1121 1121 1120 1120 402 402 1120 1120 1121 1121 1122 1122 1123 1123 1122 1122 1121 1121 1122 1122 1123 1123 1124 1124 1125 1125 1124 1124 1123 1123 1124 1124 1125 1125 1126 1126 1127 1127 1126 1126 1125 1125 1126 1126 1127 1127 1128 1128 1029 1029 1128 1128 1127 1127 381 381 407 407 1129 1129 1130 1130 1129 1129 407 407 1129 1129 1130 1130 1131 1131 1132 1132 1131 1131 1130 1130 1131 1131 1132 1132 1133 1133 1134 1134 1133 1133 1132 1132 1133 1133 1134 1134 1135 1135 1136 1136 1135 1135 1134 1134 1135 1135 1136 1136 1137 1137 1028 1028 1137 1137 1136 1136 404 404 403 403 1138 1138 1139 1139 1138 1138 403 403 1138 1138 1139 1139 1140 1140 1141 1141 1140 1140 1139 1139 1140 1140 1141 1141 1142 1142 1143 1143 1142 1142 1141 1141 1142 1142 1143 1143 1144 1144 1145 1145 1144 1144 1143 1143 1144 1144 1145 1145 1146 1146 1027 1027 1146 1146 1145 1145 426 426 428 428 1147 1147 1148 1148 1147 1147 428 428 1147 1147 1148 1148 1149 1149 1150 1150 1149 1149 1148 1148 1149 1149 1150 1150 1151 1151 1152 1152 1151 1151 1150 1150 1151 1151 1152 1152 1153 1153 1154 1154 1153 1153 1152 1152 1153 1153 1154 1154 1155 1155 1026 1026 1155 1155 1154 1154 436 436 435 435 1156 1156 1157 1157 1156 1156 435 435 1156 1156 1157 1157 1158 1158 1159 1159 1158 1158 1157 1157 1158 1158 1159 1159 1160 1160 1161 1161 1160 1160 1159 1159 1160 1160 1161 1161 1162 1162 1163 1163 1162 1162 1161 1161 1162 1162 1163 1163 1164 1164 1025 1025 1164 1164 1163 1163 439 439 447 447 1165 1165 1166 1166 1165 1165 447 447 1165 1165 1166 1166 1167 1167 1168 1168 1167 1167 1166 1166 1167 1167 1168 1168 1169 1169 1170 1170 1169 1169 1168 1168 1169 1169 1170 1170 1171 1171 1172 1172 1171 1171 1170 1170 1171 1171 1172 1172 1173 1173 1024 1024 1173 1173 1172 1172 445 445 441 441 1174 1174 1175 1175 1174 1174 441 441 1174 1174 1175 1175 1176 1176 1177 1177 1176 1176 1175 1175 1176 1176 1177 1177 1178 1178 1179 1179 1178 1178 1177 1177 1178 1178 1179 1179 1180 1180 1181 1181 1180 1180 1179 1179 1180 1180 1181 1181 1182 1182 1023 1023 1182 1182 1181 1181 444 444 371 371 1183 1183 1039 1039 1183 1183 371 371 1183 1183 1039 1039 1184 1184 1041 1041 1184 1184 1039 1039 1184 1184 1041 1041 1185 1185 1043 1043 1185 1185 1041 1041 1185 1185 1043 1043 1186 1186 1045 1045 1186 1186 1043 1043 1186 1186 1045 1045 1187 1187 1047 1047 1187 1187 1045 1045 1187 1187 1047 1047 598 598 596 596 598 598 1047 1047 1038 1038 592 592 1047 1047 594 594 1047 1047 592 592 1047 1047 594 594 596 596 588 588 590 590 1188 1188 1038 1038 1188 1188 590 590 1188 1188 1038 1038 1189 1189 1046 1046 1189 1189 1038 1038 1189 1189 1046 1046 1190 1190 1044 1044 1190 1190 1046 1046 1190 1190 1044 1044 1191 1191 1042 1042 1191 1191 1044 1044 1191 1191 1042 1042 1192 1192 1040 1040 1192 1192 1042 1042 1192 1192 1040 1040 368 368 369 369 368 368 1040 1040 368 368 384 384 1192 1192 1048 1048 1192 1192 384 384 1192 1192 1048 1048 1191 1191 1050 1050 1191 1191 1048 1048 1191 1191 1050 1050 1190 1190 1052 1052 1190 1190 1050 1050 1190 1190 1052 1052 1189 1189 1054 1054 1189 1189 1052 1052 1189 1189 1054 1054 1188 1188 1056 1056 1188 1188 1054 1054 1188 1188 1056 1056 588 588 586 586 588 588 1056 1056 1037 1037 582 582 1056 1056 584 584 1056 1056 582 582 1056 1056 584 584 586 586 578 578 580 580 1193 1193 1037 1037 1193 1193 580 580 1193 1193 1037 1037 1194 1194 1055 1055 1194 1194 1037 1037 1194 1194 1055 1055 1195 1195 1053 1053 1195 1195 1055 1055 1195 1195 1053 1053 1196 1196 1051 1051 1196 1196 1053 1053 1196 1196 1051 1051 1197 1197 1049 1049 1197 1197 1051 1051 1197 1197 1049 1049 387 387 386 386 387 387 1049 1049 387 387 389 389 1197 1197 1198 1198 1197 1197 389 389 1197 1197 1198 1198 1196 1196 1199 1199 1196 1196 1198 1198 1196 1196 1199 1199 1195 1195 1200 1200 1195 1195 1199 1199 1195 1195 1200 1200 1194 1194 1201 1201 1194 1194 1200 1200 1194 1194 1201 1201 1193 1193 1202 1202 1193 1193 1201 1201 1193 1193 1202 1202 578 578 576 576 578 578 1202 1202 389 389 390 390 1198 1198 1057 1057 1198 1198 390 390 1198 1198 1057 1057 1199 1199 1059 1059 1199 1199 1057 1057 1199 1199 1059 1059 1200 1200 1061 1061 1200 1200 1059 1059 1200 1200 1061 1061 1201 1201 1063 1063 1201 1201 1061 1061 1201 1201 1063 1063 1202 1202 1065 1065 1202 1202 1063 1063 1202 1202 1065 1065 576 576 574 574 576 576 1065 1065 1036 1036 570 570 1065 1065 572 572 1065 1065 570 570 1065 1065 572 572 574 574 566 566 568 568 1203 1203 1036 1036 1203 1203 568 568 1203 1203 1036 1036 1204 1204 1064 1064 1204 1204 1036 1036 1204 1204 1064 1064 1205 1205 1062 1062 1205 1205 1064 1064 1205 1205 1062 1062 1206 1206 1060 1060 1206 1206 1062 1062 1206 1206 1060 1060 1207 1207 1058 1058 1207 1207 1060 1060 1207 1207 1058 1058 408 408 392 392 408 408 1058 1058 408 408 410 410 1207 1207 1066 1066 1207 1207 410 410 1207 1207 1066 1066 1206 1206 1068 1068 1206 1206 1066 1066 1206 1206 1068 1068 1205 1205 1070 1070 1205 1205 1068 1068 1205 1205 1070 1070 1204 1204 1072 1072 1204 1204 1070 1070 1204 1204 1072 1072 1203 1203 1074 1074 1203 1203 1072 1072 1203 1203 1074 1074 566 566 564 564 566 566 1074 1074 1035 1035 560 560 1074 1074 562 562 1074 1074 560 560 1074 1074 562 562 564 564 556 556 558 558 1208 1208 1035 1035 1208 1208 558 558 1208 1208 1035 1035 1209 1209 1073 1073 1209 1209 1035 1035 1209 1209 1073 1073 1210 1210 1071 1071 1210 1210 1073 1073 1210 1210 1071 1071 1211 1211 1069 1069 1211 1211 1071 1071 1211 1211 1069 1069 1212 1212 1067 1067 1212 1212 1069 1069 1212 1212 1067 1067 412 412 413 413 412 412 1067 1067 412 412 411 411 1212 1212 1213 1213 1212 1212 411 411 1212 1212 1213 1213 1211 1211 1214 1214 1211 1211 1213 1213 1211 1211 1214 1214 1210 1210 1215 1215 1210 1210 1214 1214 1210 1210 1215 1215 1209 1209 1216 1216 1209 1209 1215 1215 1209 1209 1216 1216 1208 1208 1217 1217 1208 1208 1216 1216 1208 1208 1217 1217 556 556 554 554 556 556 1217 1217 411 411 394 394 1213 1213 1075 1075 1213 1213 394 394 1213 1213 1075 1075 1214 1214 1077 1077 1214 1214 1075 1075 1214 1214 1077 1077 1215 1215 1079 1079 1215 1215 1077 1077 1215 1215 1079 1079 1216 1216 1081 1081 1216 1216 1079 1079 1216 1216 1081 1081 1217 1217 1083 1083 1217 1217 1081 1081 1217 1217 1083 1083 554 554 552 552 554 554 1083 1083 1034 1034 548 548 1083 1083 550 550 1083 1083 548 548 1083 1083 550 550 552 552 544 544 546 546 1218 1218 1034 1034 1218 1218 546 546 1218 1218 1034 1034 1219 1219 1082 1082 1219 1219 1034 1034 1219 1219 1082 1082 1220 1220 1080 1080 1220 1220 1082 1082 1220 1220 1080 1080 1221 1221 1078 1078 1221 1221 1080 1080 1221 1221 1078 1078 1222 1222 1076 1076 1222 1222 1078 1078 1222 1222 1076 1076 431 431 393 393 431 431 1076 1076 431 431 430 430 1222 1222 1084 1084 1222 1222 430 430 1222 1222 1084 1084 1221 1221 1086 1086 1221 1221 1084 1084 1221 1221 1086 1086 1220 1220 1088 1088 1220 1220 1086 1086 1220 1220 1088 1088 1219 1219 1090 1090 1219 1219 1088 1088 1219 1219 1090 1090 1218 1218 1092 1092 1218 1218 1090 1090 1218 1218 1092 1092 544 544 542 542 544 544 1092 1092 1033 1033 538 538 1092 1092 540 540 1092 1092 538 538 1092 1092 540 540 542 542 534 534 536 536 1223 1223 1033 1033 1223 1223 536 536 1223 1223 1033 1033 1224 1224 1091 1091 1224 1224 1033 1033 1224 1224 1091 1091 1225 1225 1089 1089 1225 1225 1091 1091 1225 1225 1089 1089 1226 1226 1087 1087 1226 1226 1089 1089 1226 1226 1087 1087 1227 1227 1085 1085 1227 1227 1087 1087 1227 1227 1085 1085 421 421 429 429 421 421 1085 1085 421 421 420 420 1227 1227 1228 1228 1227 1227 420 420 1227 1227 1228 1228 1226 1226 1229 1229 1226 1226 1228 1228 1226 1226 1229 1229 1225 1225 1230 1230 1225 1225 1229 1229 1225 1225 1230 1230 1224 1224 1231 1231 1224 1224 1230 1230 1224 1224 1231 1231 1223 1223 1232 1232 1223 1223 1231 1231 1223 1223 1232 1232 534 534 532 532 534 534 1232 1232 420 420 414 414 1228 1228 1093 1093 1228 1228 414 414 1228 1228 1093 1093 1229 1229 1095 1095 1229 1229 1093 1093 1229 1229 1095 1095 1230 1230 1097 1097 1230 1230 1095 1095 1230 1230 1097 1097 1231 1231 1099 1099 1231 1231 1097 1097 1231 1231 1099 1099 1232 1232 1101 1101 1232 1232 1099 1099 1232 1232 1101 1101 532 532 530 530 532 532 1101 1101 1032 1032 526 526 1101 1101 528 528 1101 1101 526 526 1101 1101 528 528 530 530 522 522 524 524 1233 1233 1032 1032 1233 1233 524 524 1233 1233 1032 1032 1234 1234 1100 1100 1234 1234 1032 1032 1234 1234 1100 1100 1235 1235 1098 1098 1235 1235 1100 1100 1235 1235 1098 1098 1236 1236 1096 1096 1236 1236 1098 1098 1236 1236 1096 1096 1237 1237 1094 1094 1237 1237 1096 1096 1237 1237 1094 1094 424 424 425 425 424 424 1094 1094 424 424 423 423 1237 1237 1102 1102 1237 1237 423 423 1237 1237 1102 1102 1236 1236 1104 1104 1236 1236 1102 1102 1236 1236 1104 1104 1235 1235 1106 1106 1235 1235 1104 1104 1235 1235 1106 1106 1234 1234 1108 1108 1234 1234 1106 1106 1234 1234 1108 1108 1233 1233 1110 1110 1233 1233 1108 1108 1233 1233 1110 1110 522 522 520 520 522 522 1110 1110 1031 1031 516 516 1110 1110 518 518 1110 1110 516 516 1110 1110 518 518 520 520 512 512 514 514 1238 1238 1031 1031 1238 1238 514 514 1238 1238 1031 1031 1239 1239 1109 1109 1239 1239 1031 1031 1239 1239 1109 1109 1240 1240 1107 1107 1240 1240 1109 1109 1240 1240 1107 1107 1241 1241 1105 1105 1241 1241 1107 1107 1241 1241 1105 1105 1242 1242 1103 1103 1242 1242 1105 1105 1242 1242 1103 1103 375 375 373 373 375 375 1103 1103 375 375 377 377 1242 1242 1243 1243 1242 1242 377 377 1242 1242 1243 1243 1241 1241 1244 1244 1241 1241 1243 1243 1241 1241 1244 1244 1240 1240 1245 1245 1240 1240 1244 1244 1240 1240 1245 1245 1239 1239 1246 1246 1239 1239 1245 1245 1239 1239 1246 1246 1238 1238 1247 1247 1238 1238 1246 1246 1238 1238 1247 1247 512 512 510 510 512 512 1247 1247 377 377 378 378 1243 1243 1111 1111 1243 1243 378 378 1243 1243 1111 1111 1244 1244 1113 1113 1244 1244 1111 1111 1244 1244 1113 1113 1245 1245 1115 1115 1245 1245 1113 1113 1245 1245 1115 1115 1246 1246 1117 1117 1246 1246 1115 1115 1246 1246 1117 1117 1247 1247 1119 1119 1247 1247 1117 1117 1247 1247 1119 1119 510 510 508 508 510 510 1119 1119 1030 1030 680 680 1119 1119 682 682 1119 1119 680 680 1119 1119 682 682 508 508 676 676 678 678 1248 1248 1030 1030 1248 1248 678 678 1248 1248 1030 1030 1249 1249 1118 1118 1249 1249 1030 1030 1249 1249 1118 1118 1250 1250 1116 1116 1250 1250 1118 1118 1250 1250 1116 1116 1251 1251 1114 1114 1251 1251 1116 1116 1251 1251 1114 1114 1252 1252 1112 1112 1252 1252 1114 1114 1252 1252 1112 1112 397 397 380 380 397 397 1112 1112 397 397 399 399 1252 1252 1120 1120 1252 1252 399 399 1252 1252 1120 1120 1251 1251 1122 1122 1251 1251 1120 1120 1251 1251 1122 1122 1250 1250 1124 1124 1250 1250 1122 1122 1250 1250 1124 1124 1249 1249 1126 1126 1249 1249 1124 1124 1249 1249 1126 1126 1248 1248 1128 1128 1248 1248 1126 1126 1248 1248 1128 1128 676 676 674 674 676 676 1128 1128 1029 1029 670 670 1128 1128 672 672 1128 1128 670 670 1128 1128 672 672 674 674 666 666 668 668 1253 1253 1029 1029 1253 1253 668 668 1253 1253 1029 1029 1254 1254 1127 1127 1254 1254 1029 1029 1254 1254 1127 1127 1255 1255 1125 1125 1255 1255 1127 1127 1255 1255 1125 1125 1256 1256 1123 1123 1256 1256 1125 1125 1256 1256 1123 1123 1257 1257 1121 1121 1257 1257 1123 1123 1257 1257 1121 1121 401 401 402 402 401 401 1121 1121 401 401 400 400 1257 1257 1258 1258 1257 1257 400 400 1257 1257 1258 1258 1256 1256 1259 1259 1256 1256 1258 1258 1256 1256 1259 1259 1255 1255 1260 1260 1255 1255 1259 1259 1255 1255 1260 1260 1254 1254 1261 1261 1254 1254 1260 1260 1254 1254 1261 1261 1253 1253 1262 1262 1253 1253 1261 1261 1253 1253 1262 1262 666 666 664 664 666 666 1262 1262 400 400 381 381 1258 1258 1129 1129 1258 1258 381 381 1258 1258 1129 1129 1259 1259 1131 1131 1259 1259 1129 1129 1259 1259 1131 1131 1260 1260 1133 1133 1260 1260 1131 1131 1260 1260 1133 1133 1261 1261 1135 1135 1261 1261 1133 1133 1261 1261 1135 1135 1262 1262 1137 1137 1262 1262 1135 1135 1262 1262 1137 1137 664 664 662 662 664 664 1137 1137 1028 1028 658 658 1137 1137 660 660 1137 1137 658 658 1137 1137 660 660 662 662 654 654 656 656 1263 1263 1028 1028 1263 1263 656 656 1263 1263 1028 1028 1264 1264 1136 1136 1264 1264 1028 1028 1264 1264 1136 1136 1265 1265 1134 1134 1265 1265 1136 1136 1265 1265 1134 1134 1266 1266 1132 1132 1266 1266 1134 1134 1266 1266 1132 1132 1267 1267 1130 1130 1267 1267 1132 1132 1267 1267 1130 1130 406 406 407 407 406 406 1130 1130 406 406 404 404 1267 1267 1138 1138 1267 1267 404 404 1267 1267 1138 1138 1266 1266 1140 1140 1266 1266 1138 1138 1266 1266 1140 1140 1265 1265 1142 1142 1265 1265 1140 1140 1265 1265 1142 1142 1264 1264 1144 1144 1264 1264 1142 1142 1264 1264 1144 1144 1263 1263 1146 1146 1263 1263 1144 1144 1263 1263 1146 1146 654 654 652 652 654 654 1146 1146 1027 1027 648 648 1146 1146 650 650 1146 1146 648 648 1146 1146 650 650 652 652 644 644 646 646 1268 1268 1027 1027 1268 1268 646 646 1268 1268 1027 1027 1269 1269 1145 1145 1269 1269 1027 1027 1269 1269 1145 1145 1270 1270 1143 1143 1270 1270 1145 1145 1270 1270 1143 1143 1271 1271 1141 1141 1271 1271 1143 1143 1271 1271 1141 1141 1272 1272 1139 1139 1272 1272 1141 1141 1272 1272 1139 1139 417 417 403 403 417 417 1139 1139 417 417 419 419 1272 1272 1273 1273 1272 1272 419 419 1272 1272 1273 1273 1271 1271 1274 1274 1271 1271 1273 1273 1271 1271 1274 1274 1270 1270 1275 1275 1270 1270 1274 1274 1270 1270 1275 1275 1269 1269 1276 1276 1269 1269 1275 1275 1269 1269 1276 1276 1268 1268 1277 1277 1268 1268 1276 1276 1268 1268 1277 1277 644 644 642 642 644 644 1277 1277 419 419 426 426 1273 1273 1147 1147 1273 1273 426 426 1273 1273 1147 1147 1274 1274 1149 1149 1274 1274 1147 1147 1274 1274 1149 1149 1275 1275 1151 1151 1275 1275 1149 1149 1275 1275 1151 1151 1276 1276 1153 1153 1276 1276 1151 1151 1276 1276 1153 1153 1277 1277 1155 1155 1277 1277 1153 1153 1277 1277 1155 1155 642 642 640 640 642 642 1155 1155 1026 1026 636 636 1155 1155 638 638 1155 1155 636 636 1155 1155 638 638 640 640 632 632 634 634 1278 1278 1026 1026 1278 1278 634 634 1278 1278 1026 1026 1279 1279 1154 1154 1279 1279 1026 1026 1279 1279 1154 1154 1280 1280 1152 1152 1280 1280 1154 1154 1280 1280 1152 1152 1281 1281 1150 1150 1281 1281 1152 1152 1281 1281 1150 1150 1282 1282 1148 1148 1282 1282 1150 1150 1282 1282 1148 1148 437 437 428 428 437 437 1148 1148 437 437 436 436 1282 1282 1156 1156 1282 1282 436 436 1282 1282 1156 1156 1281 1281 1158 1158 1281 1281 1156 1156 1281 1281 1158 1158 1280 1280 1160 1160 1280 1280 1158 1158 1280 1280 1160 1160 1279 1279 1162 1162 1279 1279 1160 1160 1279 1279 1162 1162 1278 1278 1164 1164 1278 1278 1162 1162 1278 1278 1164 1164 632 632 630 630 632 632 1164 1164 1025 1025 626 626 1164 1164 628 628 1164 1164 626 626 1164 1164 628 628 630 630 622 622 624 624 1283 1283 1025 1025 1283 1283 624 624 1283 1283 1025 1025 1284 1284 1163 1163 1284 1284 1025 1025 1284 1284 1163 1163 1285 1285 1161 1161 1285 1285 1163 1163 1285 1285 1161 1161 1286 1286 1159 1159 1286 1286 1161 1161 1286 1286 1159 1159 1287 1287 1157 1157 1287 1287 1159 1159 1287 1287 1157 1157 434 434 435 435 434 434 1157 1157 434 434 440 440 1287 1287 1288 1288 1287 1287 440 440 1287 1287 1288 1288 1286 1286 1289 1289 1286 1286 1288 1288 1286 1286 1289 1289 1285 1285 1290 1290 1285 1285 1289 1289 1285 1285 1290 1290 1284 1284 1291 1291 1284 1284 1290 1290 1284 1284 1291 1291 1283 1283 1292 1292 1283 1283 1291 1291 1283 1283 1292 1292 622 622 620 620 622 622 1292 1292 440 440 439 439 1288 1288 1165 1165 1288 1288 439 439 1288 1288 1165 1165 1289 1289 1167 1167 1289 1289 1165 1165 1289 1289 1167 1167 1290 1290 1169 1169 1290 1290 1167 1167 1290 1290 1169 1169 1291 1291 1171 1171 1291 1291 1169 1169 1291 1291 1171 1171 1292 1292 1173 1173 1292 1292 1171 1171 1292 1292 1173 1173 620 620 618 618 620 620 1173 1173 1024 1024 614 614 1173 1173 616 616 1173 1173 614 614 1173 1173 616 616 618 618 610 610 612 612 1293 1293 1024 1024 1293 1293 612 612 1293 1293 1024 1024 1294 1294 1172 1172 1294 1294 1024 1024 1294 1294 1172 1172 1295 1295 1170 1170 1295 1295 1172 1172 1295 1295 1170 1170 1296 1296 1168 1168 1296 1296 1170 1170 1296 1296 1168 1168 1297 1297 1166 1166 1297 1297 1168 1168 1297 1297 1166 1166 446 446 447 447 446 446 1166 1166 446 446 445 445 1297 1297 1174 1174 1297 1297 445 445 1297 1297 1174 1174 1296 1296 1176 1176 1296 1296 1174 1174 1296 1296 1176 1176 1295 1295 1178 1178 1295 1295 1176 1176 1295 1295 1178 1178 1294 1294 1180 1180 1294 1294 1178 1178 1294 1294 1180 1180 1293 1293 1182 1182 1293 1293 1180 1180 1293 1293 1182 1182 610 610 608 608 610 610 1182 1182 1023 1023 604 604 1182 1182 606 606 1182 1182 604 604 1182 1182 606 606 608 608 600 600 602 602 1298 1298 1023 1023 1298 1298 602 602 1298 1298 1023 1023 1299 1299 1181 1181 1299 1299 1023 1023 1299 1299 1181 1181 1300 1300 1179 1179 1300 1300 1181 1181 1300 1300 1179 1179 1301 1301 1177 1177 1301 1301 1179 1179 1301 1301 1177 1177 1302 1302 1175 1175 1302 1302 1177 1177 1302 1302 1175 1175 443 443 441 441 443 443 1175 1175 443 443 444 444 1302 1302 1183 1183 1302 1302 444 444 1302 1302 1183 1183 1301 1301 1184 1184 1301 1301 1183 1183 1301 1301 1184 1184 1300 1300 1185 1185 1300 1300 1184 1184 1300 1300 1185 1185 1299 1299 1186 1186 1299 1299 1185 1185 1299 1299 1186 1186 1298 1298 1187 1187 1298 1298 1186 1186 1298 1298 1187 1187 600 600 598 598 600 600 1187 1187 1303 1303 1304 1304 1305 1305 1305 1305 1304 1304 1306 1306 1307 1307 1308 1308 1309 1309 1310 1310 1309 1309 1308 1308 1309 1309 1310 1310 1311 1311 1312 1312 1311 1311 1310 1310 1313 1313 1314 1314 1307 1307 1315 1315 1307 1307 1314 1314 1307 1307 1315 1315 1308 1308 1304 1304 1316 1316 1306 1306 1317 1317 1306 1306 1316 1316 1306 1306 1317 1317 1313 1313 1318 1318 1313 1313 1317 1317 1313 1313 1318 1318 1314 1314 1319 1319 1320 1320 1321 1321 1322 1322 1321 1321 1320 1320 1321 1321 1322 1322 1323 1323 1324 1324 1325 1325 1305 1305 1326 1326 1305 1305 1325 1325 1305 1305 1326 1326 1327 1327 1328 1328 1329 1329 1305 1305 1330 1330 1305 1305 1329 1329 1331 1331 1332 1332 1319 1319 1333 1333 1319 1319 1332 1332 1319 1319 1333 1333 1320 1320 1334 1334 1335 1335 1336 1336 1337 1337 1336 1336 1335 1335 1336 1336 1337 1337 1331 1331 1338 1338 1331 1331 1337 1337 1331 1331 1338 1338 1332 1332 1327 1327 1339 1339 1305 1305 1340 1340 1305 1305 1339 1339 1305 1305 1340 1340 1328 1328 1330 1330 1341 1341 1305 1305 1342 1342 1305 1305 1341 1341 1305 1305 1342 1342 1303 1303 1323 1323 1343 1343 1321 1321 1344 1344 1321 1321 1343 1343 1321 1321 1344 1344 1345 1345 1346 1346 1347 1347 1334 1334 1348 1348 1334 1334 1347 1347 1334 1334 1348 1348 1335 1335 1312 1312 1349 1349 1311 1311 1350 1350 1311 1311 1349 1349 1311 1311 1350 1350 1351 1351 1352 1352 1351 1351 1350 1350 1351 1351 1352 1352 1353 1353 1345 1345 1354 1354 1321 1321 1355 1355 1321 1321 1354 1354 1321 1321 1355 1355 1356 1356 1356 1356 1357 1357 1321 1321 1358 1358 1321 1321 1357 1357 1321 1321 1358 1358 1359 1359 1353 1353 1360 1360 1351 1351 1361 1361 1351 1351 1360 1360 1351 1351 1361 1361 1346 1346 1362 1362 1346 1346 1361 1361 1346 1346 1362 1362 1347 1347 1363 1363 1364 1364 1365 1365 1366 1366 1365 1365 1364 1364 1367 1367 1368 1368 1369 1369 1370 1370 1369 1369 1368 1368 1371 1371 1372 1372 1365 1365 1373 1373 1365 1365 1372 1372 1365 1365 1373 1373 1363 1363 1374 1374 1375 1375 1371 1371 1376 1376 1371 1371 1375 1375 1371 1371 1376 1376 1372 1372 1377 1377 1378 1378 1374 1374 1379 1379 1374 1374 1378 1378 1374 1374 1379 1379 1375 1375 1380 1380 1381 1381 1382 1382 1370 1370 1382 1382 1381 1381 1382 1382 1370 1370 1383 1383 1368 1368 1383 1383 1370 1370 1380 1380 1384 1384 1381 1381 1385 1385 1381 1381 1384 1384 1381 1381 1385 1385 1377 1377 1386 1386 1377 1377 1385 1385 1377 1377 1386 1386 1378 1378 1387 1387 1388 1388 1389 1389 1390 1390 1389 1389 1388 1388 1387 1387 1389 1389 1391 1391 1392 1392 1391 1391 1389 1389 1391 1391 1392 1392 1393 1393 1394 1394 1395 1395 1369 1369 1396 1396 1369 1369 1395 1395 1369 1369 1396 1396 1367 1367 1388 1388 1397 1397 1390 1390 1398 1398 1390 1390 1397 1397 1390 1390 1398 1398 1394 1394 1399 1399 1394 1394 1398 1398 1394 1394 1399 1399 1395 1395 1400 1400 1401 1401 1402 1402 1403 1403 1402 1402 1401 1401 1401 1401 1404 1404 1403 1403 1405 1405 1403 1403 1404 1404 1403 1403 1405 1405 1392 1392 1406 1406 1392 1392 1405 1405 1392 1392 1406 1406 1393 1393 1407 1407 1408 1408 1409 1409 1410 1410 1409 1409 1408 1408 1408 1408 1411 1411 1410 1410 1412 1412 1410 1410 1411 1411 1410 1410 1412 1412 1413 1413 1412 1412 1414 1414 1413 1413 1415 1415 1413 1413 1414 1414 1413 1413 1415 1415 1402 1402 1416 1416 1402 1402 1415 1415 1402 1402 1416 1416 1400 1400 1417 1417 1418 1418 1419 1419 1420 1420 1419 1419 1418 1418 1419 1419 1420 1420 1421 1421 1407 1407 1409 1409 1422 1422 1423 1423 1422 1422 1409 1409 1422 1422 1423 1423 1424 1424 1420 1420 1425 1425 1421 1421 1426 1426 1421 1421 1425 1425 1421 1421 1426 1426 1423 1423 1427 1427 1423 1423 1426 1426 1423 1423 1427 1427 1424 1424 1417 1417 1419 1419 1428 1428 1429 1429 1428 1428 1419 1419 1428 1428 1429 1429 1430 1430 1430 1430 1429 1429 1431 1431 1432 1432 1431 1431 1429 1429 1431 1431 1432 1432 1433 1433 1433 1433 1432 1432 1434 1434 1435 1435 1434 1434 1432 1432 1434 1434 1435 1435 1436 1436 1364 1364 1437 1437 1366 1366 1438 1438 1366 1366 1437 1437 1366 1366 1438 1438 1439 1439 1438 1438 1440 1440 1439 1439 1441 1441 1439 1439 1440 1440 1439 1439 1441 1441 1435 1435 1442 1442 1435 1435 1441 1441 1435 1435 1442 1442 1436 1436 1443 1443 1444 1444 1445 1445 1446 1446 1445 1445 1444 1444 1445 1445 1446 1446 1447 1447 1448 1448 1447 1447 1446 1446 1447 1447 1448 1448 1449 1449 1450 1450 1449 1449 1448 1448 1449 1449 1450 1450 1451 1451 1452 1452 1451 1451 1450 1450 1451 1451 1452 1452 1453 1453 1454 1454 1453 1453 1452 1452 1453 1453 1454 1454 1455 1455 1456 1456 1455 1455 1454 1454 1455 1455 1456 1456 1457 1457 1458 1458 1457 1457 1456 1456 1457 1457 1458 1458 1459 1459 1460 1460 1459 1459 1458 1458 1459 1459 1460 1460 1461 1461 1462 1462 1461 1461 1460 1460 1461 1461 1462 1462 1463 1463 1464 1464 1463 1463 1462 1462 1463 1463 1464 1464 1465 1465 1466 1466 1465 1465 1464 1464 1465 1465 1466 1466 1467 1467 1468 1468 1467 1467 1466 1466 1467 1467 1468 1468 1469 1469 1470 1470 1469 1469 1468 1468 1469 1469 1470 1470 1471 1471 1472 1472 1471 1471 1470 1470 1471 1471 1472 1472 1473 1473 1474 1474 1473 1473 1472 1472 1473 1473 1474 1474 1475 1475 1476 1476 1475 1475 1474 1474 1475 1475 1476 1476 1477 1477 1478 1478 1477 1477 1476 1476 1477 1477 1478 1478 1479 1479 1480 1480 1479 1479 1478 1478 1479 1479 1480 1480 1481 1481 1482 1482 1481 1481 1480 1480 1481 1481 1482 1482 1483 1483 1484 1484 1483 1483 1482 1482 1483 1483 1484 1484 1485 1485 1486 1486 1485 1485 1484 1484 1485 1485 1486 1486 1487 1487 1488 1488 1487 1487 1486 1486 1487 1487 1488 1488 1489 1489 1490 1490 1489 1489 1488 1488 1489 1489 1490 1490 1491 1491 1492 1492 1491 1491 1490 1490 1491 1491 1492 1492 1493 1493 1494 1494 1493 1493 1492 1492 1493 1493 1494 1494 1495 1495 1496 1496 1495 1495 1494 1494 1495 1495 1496 1496 1497 1497 1498 1498 1497 1497 1496 1496 1497 1497 1498 1498 1499 1499 1500 1500 1499 1499 1498 1498 1499 1499 1500 1500 1501 1501 1502 1502 1501 1501 1500 1500 1501 1501 1502 1502 1503 1503 1504 1504 1503 1503 1502 1502 1503 1503 1504 1504 1505 1505 1506 1506 1505 1505 1504 1504 1505 1505 1506 1506 1507 1507 1508 1508 1507 1507 1506 1506 1507 1507 1508 1508 1509 1509 1510 1510 1509 1509 1508 1508 1509 1509 1510 1510 1511 1511 1512 1512 1511 1511 1510 1510 1511 1511 1512 1512 1513 1513 1514 1514 1513 1513 1512 1512 1513 1513 1514 1514 1515 1515 1516 1516 1515 1515 1514 1514 1515 1515 1516 1516 1517 1517 1518 1518 1517 1517 1516 1516 1517 1517 1518 1518 1519 1519 1520 1520 1519 1519 1518 1518 1519 1519 1520 1520 1521 1521 1522 1522 1521 1521 1520 1520 1521 1521 1522 1522 1523 1523 1524 1524 1523 1523 1522 1522 1523 1523 1524 1524 1525 1525 1526 1526 1525 1525 1524 1524 1525 1525 1526 1526 1527 1527 1528 1528 1527 1527 1526 1526 1527 1527 1528 1528 1529 1529 1530 1530 1529 1529 1528 1528 1529 1529 1530 1530 1531 1531 1532 1532 1531 1531 1530 1530 1531 1531 1532 1532 1533 1533 1534 1534 1533 1533 1532 1532 1533 1533 1534 1534 1535 1535 1536 1536 1535 1535 1534 1534 1535 1535 1536 1536 1537 1537 1538 1538 1537 1537 1536 1536 1537 1537 1538 1538 1539 1539 1540 1540 1539 1539 1538 1538 1539 1539 1540 1540 1541 1541 1542 1542 1541 1541 1540 1540 1541 1541 1542 1542 1543 1543 1544 1544 1543 1543 1542 1542 1543 1543 1544 1544 1545 1545 1546 1546 1545 1545 1544 1544 1545 1545 1546 1546 1547 1547 1548 1548 1547 1547 1546 1546 1547 1547 1548 1548 1549 1549 1550 1550 1549 1549 1548 1548 1549 1549 1550 1550 1551 1551 1552 1552 1551 1551 1550 1550 1551 1551 1552 1552 1553 1553 1554 1554 1553 1553 1552 1552 1553 1553 1554 1554 1555 1555 1556 1556 1555 1555 1554 1554 1555 1555 1556 1556 1557 1557 1558 1558 1557 1557 1556 1556 1557 1557 1558 1558 1559 1559 1560 1560 1559 1559 1558 1558 1559 1559 1560 1560 1561 1561 1562 1562 1561 1561 1560 1560 1561 1561 1562 1562 1563 1563 1564 1564 1563 1563 1562 1562 1563 1563 1564 1564 1565 1565 1566 1566 1565 1565 1564 1564 1565 1565 1566 1566 1567 1567 1568 1568 1567 1567 1566 1566 1567 1567 1568 1568 1569 1569 1570 1570 1569 1569 1568 1568 1569 1569 1570 1570 1571 1571 1572 1572 1571 1571 1570 1570 1571 1571 1572 1572 1573 1573 1574 1574 1573 1573 1572 1572 1573 1573 1574 1574 1575 1575 1576 1576 1575 1575 1574 1574 1575 1575 1576 1576 1577 1577 1578 1578 1577 1577 1576 1576 1577 1577 1578 1578 1579 1579 1580 1580 1579 1579 1578 1578 1579 1579 1580 1580 1581 1581 1582 1582 1581 1581 1580 1580 1581 1581 1582 1582 1583 1583 1584 1584 1583 1583 1582 1582 1583 1583 1584 1584 1585 1585 1586 1586 1585 1585 1584 1584 1585 1585 1586 1586 1587 1587 1588 1588 1587 1587 1586 1586 1587 1587 1588 1588 1589 1589 1590 1590 1589 1589 1588 1588 1589 1589 1590 1590 1591 1591 1592 1592 1591 1591 1590 1590 1591 1591 1592 1592 1593 1593 1594 1594 1593 1593 1592 1592 1593 1593 1594 1594 1595 1595 1596 1596 1595 1595 1594 1594 1595 1595 1596 1596 1597 1597 1598 1598 1597 1597 1596 1596 1597 1597 1598 1598 1599 1599 1600 1600 1599 1599 1598 1598 1599 1599 1600 1600 1601 1601 1602 1602 1601 1601 1600 1600 1601 1601 1602 1602 1603 1603 1604 1604 1603 1603 1602 1602 1603 1603 1604 1604 1605 1605 1606 1606 1605 1605 1604 1604 1605 1605 1606 1606 1607 1607 1608 1608 1607 1607 1606 1606 1607 1607 1608 1608 1609 1609 1610 1610 1609 1609 1608 1608 1609 1609 1610 1610 1611 1611 1612 1612 1611 1611 1610 1610 1611 1611 1612 1612 1613 1613 1614 1614 1613 1613 1612 1612 1613 1613 1614 1614 1615 1615 1616 1616 1615 1615 1614 1614 1615 1615 1616 1616 1617 1617 1618 1618 1617 1617 1616 1616 1617 1617 1618 1618 1443 1443 1444 1444 1443 1443 1618 1618 1516 1516 1619 1619 1518 1518 1620 1620 1518 1518 1619 1619 1518 1518 1620 1620 1520 1520 1621 1621 1520 1520 1620 1620 1520 1520 1621 1621 1522 1522 1622 1622 1522 1522 1621 1621 1522 1522 1622 1622 1524 1524 1516 1516 1514 1514 1619 1619 1512 1512 1619 1619 1514 1514 1619 1619 1512 1512 1623 1623 1510 1510 1623 1623 1512 1512 1623 1623 1510 1510 1624 1624 1508 1508 1624 1624 1510 1510 1624 1624 1508 1508 1625 1625 1506 1506 1625 1625 1508 1508 1625 1625 1506 1506 1626 1626 1504 1504 1626 1626 1506 1506 1504 1504 1502 1502 1626 1626 1500 1500 1626 1626 1502 1502 1626 1626 1500 1500 1627 1627 1498 1498 1627 1627 1500 1500 1627 1627 1498 1498 1628 1628 1496 1496 1628 1628 1498 1498 1628 1628 1496 1496 1629 1629 1494 1494 1629 1629 1496 1496 1494 1494 1492 1492 1629 1629 1490 1490 1629 1629 1492 1492 1629 1629 1490 1490 1630 1630 1488 1488 1630 1630 1490 1490 1630 1630 1488 1488 1631 1631 1486 1486 1631 1631 1488 1488 1631 1631 1486 1486 1632 1632 1484 1484 1632 1632 1486 1486 1632 1632 1484 1484 1633 1633 1482 1482 1633 1633 1484 1484 1482 1482 1480 1480 1633 1633 1478 1478 1633 1633 1480 1480 1633 1633 1478 1478 1634 1634 1476 1476 1634 1634 1478 1478 1634 1634 1476 1476 1635 1635 1474 1474 1635 1635 1476 1476 1635 1635 1474 1474 1636 1636 1472 1472 1636 1636 1474 1474 1472 1472 1470 1470 1636 1636 1468 1468 1636 1636 1470 1470 1636 1636 1468 1468 1637 1637 1466 1466 1637 1637 1468 1468 1637 1637 1466 1466 1638 1638 1464 1464 1638 1638 1466 1466 1638 1638 1464 1464 1639 1639 1462 1462 1639 1639 1464 1464 1639 1639 1462 1462 1640 1640 1460 1460 1640 1640 1462 1462 1460 1460 1458 1458 1640 1640 1456 1456 1640 1640 1458 1458 1640 1640 1456 1456 1641 1641 1454 1454 1641 1641 1456 1456 1641 1641 1454 1454 1642 1642 1452 1452 1642 1642 1454 1454 1642 1642 1452 1452 1643 1643 1450 1450 1643 1643 1452 1452 1450 1450 1448 1448 1643 1643 1446 1446 1643 1643 1448 1448 1643 1643 1446 1446 1644 1644 1444 1444 1644 1644 1446 1446 1644 1644 1444 1444 1645 1645 1618 1618 1645 1645 1444 1444 1645 1645 1618 1618 1646 1646 1616 1616 1646 1646 1618 1618 1646 1646 1616 1616 1647 1647 1614 1614 1647 1647 1616 1616 1614 1614 1612 1612 1647 1647 1610 1610 1647 1647 1612 1612 1647 1647 1610 1610 1648 1648 1608 1608 1648 1648 1610 1610 1648 1648 1608 1608 1649 1649 1606 1606 1649 1649 1608 1608 1649 1649 1606 1606 1650 1650 1604 1604 1650 1650 1606 1606 1604 1604 1602 1602 1650 1650 1600 1600 1650 1650 1602 1602 1650 1650 1600 1600 1651 1651 1598 1598 1651 1651 1600 1600 1651 1651 1598 1598 1652 1652 1596 1596 1652 1652 1598 1598 1652 1652 1596 1596 1653 1653 1594 1594 1653 1653 1596 1596 1653 1653 1594 1594 1654 1654 1592 1592 1654 1654 1594 1594 1592 1592 1590 1590 1654 1654 1588 1588 1654 1654 1590 1590 1654 1654 1588 1588 1655 1655 1586 1586 1655 1655 1588 1588 1655 1655 1586 1586 1656 1656 1584 1584 1656 1656 1586 1586 1656 1656 1584 1584 1657 1657 1582 1582 1657 1657 1584 1584 1582 1582 1580 1580 1657 1657 1578 1578 1657 1657 1580 1580 1657 1657 1578 1578 1658 1658 1576 1576 1658 1658 1578 1578 1658 1658 1576 1576 1659 1659 1574 1574 1659 1659 1576 1576 1659 1659 1574 1574 1660 1660 1572 1572 1660 1660 1574 1574 1660 1660 1572 1572 1661 1661 1570 1570 1661 1661 1572 1572 1570 1570 1568 1568 1661 1661 1566 1566 1661 1661 1568 1568 1661 1661 1566 1566 1662 1662 1564 1564 1662 1662 1566 1566 1662 1662 1564 1564 1663 1663 1562 1562 1663 1663 1564 1564 1663 1663 1562 1562 1664 1664 1560 1560 1664 1664 1562 1562 1560 1560 1558 1558 1664 1664 1556 1556 1664 1664 1558 1558 1664 1664 1556 1556 1665 1665 1554 1554 1665 1665 1556 1556 1665 1665 1554 1554 1666 1666 1552 1552 1666 1666 1554 1554 1666 1666 1552 1552 1667 1667 1550 1550 1667 1667 1552 1552 1667 1667 1550 1550 1668 1668 1548 1548 1668 1668 1550 1550 1548 1548 1546 1546 1668 1668 1544 1544 1668 1668 1546 1546 1668 1668 1544 1544 1669 1669 1542 1542 1669 1669 1544 1544 1669 1669 1542 1542 1670 1670 1540 1540 1670 1670 1542 1542 1670 1670 1540 1540 1671 1671 1538 1538 1671 1671 1540 1540 1538 1538 1536 1536 1671 1671 1534 1534 1671 1671 1536 1536 1671 1671 1534 1534 1672 1672 1532 1532 1672 1672 1534 1534 1672 1672 1532 1532 1673 1673 1530 1530 1673 1673 1532 1532 1673 1673 1530 1530 1674 1674 1528 1528 1674 1674 1530 1530 1674 1674 1528 1528 1622 1622 1526 1526 1622 1622 1528 1528 1622 1622 1526 1526 1524 1524 1672 1672 1675 1675 1671 1671 1676 1676 1671 1671 1675 1675 1671 1671 1676 1676 1670 1670 1677 1677 1670 1670 1676 1676 1670 1670 1677 1677 1669 1669 1678 1678 1669 1669 1677 1677 1669 1669 1678 1678 1668 1668 1679 1679 1668 1668 1678 1678 1668 1668 1679 1679 1667 1667 1680 1680 1667 1667 1679 1679 1667 1667 1680 1680 1666 1666 1681 1681 1666 1666 1680 1680 1666 1666 1681 1681 1665 1665 1682 1682 1665 1665 1681 1681 1665 1665 1682 1682 1664 1664 1683 1683 1664 1664 1682 1682 1664 1664 1683 1683 1663 1663 1684 1684 1663 1663 1683 1683 1663 1663 1684 1684 1662 1662 1685 1685 1662 1662 1684 1684 1662 1662 1685 1685 1661 1661 1686 1686 1661 1661 1685 1685 1661 1661 1686 1686 1660 1660 1687 1687 1660 1660 1686 1686 1660 1660 1687 1687 1659 1659 1688 1688 1659 1659 1687 1687 1659 1659 1688 1688 1658 1658 1689 1689 1658 1658 1688 1688 1658 1658 1689 1689 1657 1657 1690 1690 1657 1657 1689 1689 1657 1657 1690 1690 1656 1656 1691 1691 1656 1656 1690 1690 1656 1656 1691 1691 1655 1655 1692 1692 1655 1655 1691 1691 1655 1655 1692 1692 1654 1654 1693 1693 1654 1654 1692 1692 1654 1654 1693 1693 1653 1653 1694 1694 1653 1653 1693 1693 1653 1653 1694 1694 1652 1652 1695 1695 1652 1652 1694 1694 1652 1652 1695 1695 1651 1651 1696 1696 1651 1651 1695 1695 1651 1651 1696 1696 1650 1650 1697 1697 1650 1650 1696 1696 1650 1650 1697 1697 1649 1649 1698 1698 1649 1649 1697 1697 1649 1649 1698 1698 1648 1648 1699 1699 1648 1648 1698 1698 1648 1648 1699 1699 1647 1647 1700 1700 1647 1647 1699 1699 1647 1647 1700 1700 1646 1646 1701 1701 1646 1646 1700 1700 1646 1646 1701 1701 1645 1645 1702 1702 1645 1645 1701 1701 1645 1645 1702 1702 1644 1644 1703 1703 1644 1644 1702 1702 1644 1644 1703 1703 1643 1643 1704 1704 1643 1643 1703 1703 1643 1643 1704 1704 1642 1642 1705 1705 1642 1642 1704 1704 1642 1642 1705 1705 1641 1641 1706 1706 1641 1641 1705 1705 1641 1641 1706 1706 1640 1640 1707 1707 1640 1640 1706 1706 1640 1640 1707 1707 1639 1639 1708 1708 1639 1639 1707 1707 1639 1639 1708 1708 1638 1638 1709 1709 1638 1638 1708 1708 1638 1638 1709 1709 1637 1637 1710 1710 1637 1637 1709 1709 1637 1637 1710 1710 1636 1636 1711 1711 1636 1636 1710 1710 1636 1636 1711 1711 1635 1635 1712 1712 1635 1635 1711 1711 1635 1635 1712 1712 1634 1634 1713 1713 1634 1634 1712 1712 1634 1634 1713 1713 1633 1633 1714 1714 1633 1633 1713 1713 1633 1633 1714 1714 1632 1632 1715 1715 1632 1632 1714 1714 1632 1632 1715 1715 1631 1631 1716 1716 1631 1631 1715 1715 1631 1631 1716 1716 1630 1630 1717 1717 1630 1630 1716 1716 1630 1630 1717 1717 1629 1629 1718 1718 1629 1629 1717 1717 1629 1629 1718 1718 1628 1628 1719 1719 1628 1628 1718 1718 1628 1628 1719 1719 1627 1627 1720 1720 1627 1627 1719 1719 1627 1627 1720 1720 1626 1626 1721 1721 1626 1626 1720 1720 1626 1626 1721 1721 1625 1625 1722 1722 1625 1625 1721 1721 1625 1625 1722 1722 1624 1624 1723 1723 1624 1624 1722 1722 1624 1624 1723 1723 1623 1623 1724 1724 1623 1623 1723 1723 1623 1623 1724 1724 1619 1619 1725 1725 1619 1619 1724 1724 1619 1619 1725 1725 1620 1620 1726 1726 1620 1620 1725 1725 1620 1620 1726 1726 1621 1621 1727 1727 1621 1621 1726 1726 1621 1621 1727 1727 1622 1622 1728 1728 1622 1622 1727 1727 1622 1622 1728 1728 1674 1674 1729 1729 1674 1674 1728 1728 1674 1674 1729 1729 1673 1673 1730 1730 1673 1673 1729 1729 1673 1673 1730 1730 1672 1672 1675 1675 1672 1672 1730 1730 1730 1730 1731 1731 1675 1675 1732 1732 1675 1675 1731 1731 1675 1675 1732 1732 1676 1676 1733 1733 1676 1676 1732 1732 1676 1676 1733 1733 1677 1677 1734 1734 1677 1677 1733 1733 1677 1677 1734 1734 1678 1678 1735 1735 1678 1678 1734 1734 1678 1678 1735 1735 1679 1679 1736 1736 1679 1679 1735 1735 1679 1679 1736 1736 1680 1680 1737 1737 1680 1680 1736 1736 1680 1680 1737 1737 1681 1681 1738 1738 1681 1681 1737 1737 1681 1681 1738 1738 1682 1682 1739 1739 1682 1682 1738 1738 1682 1682 1739 1739 1683 1683 1740 1740 1683 1683 1739 1739 1683 1683 1740 1740 1684 1684 1741 1741 1684 1684 1740 1740 1684 1684 1741 1741 1685 1685 1742 1742 1685 1685 1741 1741 1685 1685 1742 1742 1686 1686 1743 1743 1686 1686 1742 1742 1686 1686 1743 1743 1687 1687 1744 1744 1687 1687 1743 1743 1687 1687 1744 1744 1688 1688 1745 1745 1688 1688 1744 1744 1688 1688 1745 1745 1689 1689 1746 1746 1689 1689 1745 1745 1689 1689 1746 1746 1690 1690 1747 1747 1690 1690 1746 1746 1690 1690 1747 1747 1691 1691 1748 1748 1691 1691 1747 1747 1691 1691 1748 1748 1692 1692 1749 1749 1692 1692 1748 1748 1692 1692 1749 1749 1693 1693 1750 1750 1693 1693 1749 1749 1693 1693 1750 1750 1694 1694 1751 1751 1694 1694 1750 1750 1694 1694 1751 1751 1695 1695 1752 1752 1695 1695 1751 1751 1695 1695 1752 1752 1696 1696 1753 1753 1696 1696 1752 1752 1696 1696 1753 1753 1697 1697 1754 1754 1697 1697 1753 1753 1697 1697 1754 1754 1698 1698 1755 1755 1698 1698 1754 1754 1698 1698 1755 1755 1699 1699 1756 1756 1699 1699 1755 1755 1699 1699 1756 1756 1700 1700 1757 1757 1700 1700 1756 1756 1700 1700 1757 1757 1701 1701 1758 1758 1701 1701 1757 1757 1701 1701 1758 1758 1702 1702 1759 1759 1702 1702 1758 1758 1702 1702 1759 1759 1703 1703 1760 1760 1703 1703 1759 1759 1703 1703 1760 1760 1704 1704 1761 1761 1704 1704 1760 1760 1704 1704 1761 1761 1705 1705 1762 1762 1705 1705 1761 1761 1705 1705 1762 1762 1706 1706 1763 1763 1706 1706 1762 1762 1706 1706 1763 1763 1707 1707 1764 1764 1707 1707 1763 1763 1707 1707 1764 1764 1708 1708 1765 1765 1708 1708 1764 1764 1708 1708 1765 1765 1709 1709 1766 1766 1709 1709 1765 1765 1709 1709 1766 1766 1710 1710 1767 1767 1710 1710 1766 1766 1710 1710 1767 1767 1711 1711 1768 1768 1711 1711 1767 1767 1711 1711 1768 1768 1712 1712 1769 1769 1712 1712 1768 1768 1712 1712 1769 1769 1713 1713 1770 1770 1713 1713 1769 1769 1713 1713 1770 1770 1714 1714 1771 1771 1714 1714 1770 1770 1714 1714 1771 1771 1715 1715 1772 1772 1715 1715 1771 1771 1715 1715 1772 1772 1716 1716 1773 1773 1716 1716 1772 1772 1716 1716 1773 1773 1717 1717 1774 1774 1717 1717 1773 1773 1717 1717 1774 1774 1718 1718 1775 1775 1718 1718 1774 1774 1718 1718 1775 1775 1719 1719 1776 1776 1719 1719 1775 1775 1719 1719 1776 1776 1720 1720 1777 1777 1720 1720 1776 1776 1720 1720 1777 1777 1721 1721 1778 1778 1721 1721 1777 1777 1721 1721 1778 1778 1722 1722 1779 1779 1722 1722 1778 1778 1722 1722 1779 1779 1723 1723 1780 1780 1723 1723 1779 1779 1723 1723 1780 1780 1724 1724 1781 1781 1724 1724 1780 1780 1724 1724 1781 1781 1725 1725 1782 1782 1725 1725 1781 1781 1725 1725 1782 1782 1726 1726 1783 1783 1726 1726 1782 1782 1726 1726 1783 1783 1727 1727 1784 1784 1727 1727 1783 1783 1727 1727 1784 1784 1728 1728 1785 1785 1728 1728 1784 1784 1728 1728 1785 1785 1729 1729 1786 1786 1729 1729 1785 1785 1729 1729 1786 1786 1730 1730 1731 1731 1730 1730 1786 1786 1786 1786 1787 1787 1731 1731 1788 1788 1731 1731 1787 1787 1731 1731 1788 1788 1732 1732 1789 1789 1732 1732 1788 1788 1732 1732 1789 1789 1733 1733 1790 1790 1733 1733 1789 1789 1733 1733 1790 1790 1734 1734 1791 1791 1734 1734 1790 1790 1734 1734 1791 1791 1735 1735 1792 1792 1735 1735 1791 1791 1735 1735 1792 1792 1736 1736 1793 1793 1736 1736 1792 1792 1736 1736 1793 1793 1737 1737 1794 1794 1737 1737 1793 1793 1737 1737 1794 1794 1738 1738 1795 1795 1738 1738 1794 1794 1738 1738 1795 1795 1739 1739 1796 1796 1739 1739 1795 1795 1739 1739 1796 1796 1740 1740 1797 1797 1740 1740 1796 1796 1740 1740 1797 1797 1741 1741 1798 1798 1741 1741 1797 1797 1741 1741 1798 1798 1742 1742 1799 1799 1742 1742 1798 1798 1742 1742 1799 1799 1743 1743 1800 1800 1743 1743 1799 1799 1743 1743 1800 1800 1744 1744 1801 1801 1744 1744 1800 1800 1744 1744 1801 1801 1745 1745 1802 1802 1745 1745 1801 1801 1745 1745 1802 1802 1746 1746 1803 1803 1746 1746 1802 1802 1746 1746 1803 1803 1747 1747 1804 1804 1747 1747 1803 1803 1747 1747 1804 1804 1748 1748 1805 1805 1748 1748 1804 1804 1748 1748 1805 1805 1749 1749 1806 1806 1749 1749 1805 1805 1749 1749 1806 1806 1750 1750 1807 1807 1750 1750 1806 1806 1750 1750 1807 1807 1751 1751 1808 1808 1751 1751 1807 1807 1751 1751 1808 1808 1752 1752 1809 1809 1752 1752 1808 1808 1752 1752 1809 1809 1753 1753 1810 1810 1753 1753 1809 1809 1753 1753 1810 1810 1754 1754 1811 1811 1754 1754 1810 1810 1754 1754 1811 1811 1755 1755 1812 1812 1755 1755 1811 1811 1755 1755 1812 1812 1756 1756 1813 1813 1756 1756 1812 1812 1756 1756 1813 1813 1757 1757 1814 1814 1757 1757 1813 1813 1757 1757 1814 1814 1758 1758 1815 1815 1758 1758 1814 1814 1758 1758 1815 1815 1759 1759 1816 1816 1759 1759 1815 1815 1759 1759 1816 1816 1760 1760 1817 1817 1760 1760 1816 1816 1760 1760 1817 1817 1761 1761 1818 1818 1761 1761 1817 1817 1761 1761 1818 1818 1762 1762 1819 1819 1762 1762 1818 1818 1762 1762 1819 1819 1763 1763 1820 1820 1763 1763 1819 1819 1763 1763 1820 1820 1764 1764 1821 1821 1764 1764 1820 1820 1764 1764 1821 1821 1765 1765 1822 1822 1765 1765 1821 1821 1765 1765 1822 1822 1766 1766 1823 1823 1766 1766 1822 1822 1766 1766 1823 1823 1767 1767 1824 1824 1767 1767 1823 1823 1767 1767 1824 1824 1768 1768 1825 1825 1768 1768 1824 1824 1768 1768 1825 1825 1769 1769 1826 1826 1769 1769 1825 1825 1769 1769 1826 1826 1770 1770 1827 1827 1770 1770 1826 1826 1770 1770 1827 1827 1771 1771 1828 1828 1771 1771 1827 1827 1771 1771 1828 1828 1772 1772 1829 1829 1772 1772 1828 1828 1772 1772 1829 1829 1773 1773 1830 1830 1773 1773 1829 1829 1773 1773 1830 1830 1774 1774 1831 1831 1774 1774 1830 1830 1774 1774 1831 1831 1775 1775 1832 1832 1775 1775 1831 1831 1775 1775 1832 1832 1776 1776 1833 1833 1776 1776 1832 1832 1776 1776 1833 1833 1777 1777 1834 1834 1777 1777 1833 1833 1777 1777 1834 1834 1778 1778 1835 1835 1778 1778 1834 1834 1778 1778 1835 1835 1779 1779 1836 1836 1779 1779 1835 1835 1779 1779 1836 1836 1780 1780 1837 1837 1780 1780 1836 1836 1780 1780 1837 1837 1781 1781 1838 1838 1781 1781 1837 1837 1781 1781 1838 1838 1782 1782 1839 1839 1782 1782 1838 1838 1782 1782 1839 1839 1783 1783 1840 1840 1783 1783 1839 1839 1783 1783 1840 1840 1784 1784 1841 1841 1784 1784 1840 1840 1784 1784 1841 1841 1785 1785 1842 1842 1785 1785 1841 1841 1785 1785 1842 1842 1786 1786 1787 1787 1786 1786 1842 1842 1842 1842 1843 1843 1787 1787 1844 1844 1787 1787 1843 1843 1787 1787 1844 1844 1788 1788 1845 1845 1788 1788 1844 1844 1788 1788 1845 1845 1789 1789 1846 1846 1789 1789 1845 1845 1789 1789 1846 1846 1790 1790 1847 1847 1790 1790 1846 1846 1790 1790 1847 1847 1791 1791 1848 1848 1791 1791 1847 1847 1791 1791 1848 1848 1792 1792 1849 1849 1792 1792 1848 1848 1792 1792 1849 1849 1793 1793 1850 1850 1793 1793 1849 1849 1793 1793 1850 1850 1794 1794 1851 1851 1794 1794 1850 1850 1794 1794 1851 1851 1795 1795 1852 1852 1795 1795 1851 1851 1795 1795 1852 1852 1796 1796 1853 1853 1796 1796 1852 1852 1796 1796 1853 1853 1797 1797 1854 1854 1797 1797 1853 1853 1797 1797 1854 1854 1798 1798 1855 1855 1798 1798 1854 1854 1798 1798 1855 1855 1799 1799 1856 1856 1799 1799 1855 1855 1799 1799 1856 1856 1800 1800 1857 1857 1800 1800 1856 1856 1800 1800 1857 1857 1801 1801 1858 1858 1801 1801 1857 1857 1801 1801 1858 1858 1802 1802 1859 1859 1802 1802 1858 1858 1802 1802 1859 1859 1803 1803 1860 1860 1803 1803 1859 1859 1803 1803 1860 1860 1804 1804 1861 1861 1804 1804 1860 1860 1804 1804 1861 1861 1805 1805 1862 1862 1805 1805 1861 1861 1805 1805 1862 1862 1806 1806 1863 1863 1806 1806 1862 1862 1806 1806 1863 1863 1807 1807 1864 1864 1807 1807 1863 1863 1807 1807 1864 1864 1808 1808 1865 1865 1808 1808 1864 1864 1808 1808 1865 1865 1809 1809 1866 1866 1809 1809 1865 1865 1809 1809 1866 1866 1810 1810 1867 1867 1810 1810 1866 1866 1810 1810 1867 1867 1811 1811 1868 1868 1811 1811 1867 1867 1811 1811 1868 1868 1812 1812 1869 1869 1812 1812 1868 1868 1812 1812 1869 1869 1813 1813 1870 1870 1813 1813 1869 1869 1813 1813 1870 1870 1814 1814 1871 1871 1814 1814 1870 1870 1814 1814 1871 1871 1815 1815 1872 1872 1815 1815 1871 1871 1815 1815 1872 1872 1816 1816 1873 1873 1816 1816 1872 1872 1816 1816 1873 1873 1817 1817 1874 1874 1817 1817 1873 1873 1817 1817 1874 1874 1818 1818 1875 1875 1818 1818 1874 1874 1818 1818 1875 1875 1819 1819 1876 1876 1819 1819 1875 1875 1819 1819 1876 1876 1820 1820 1877 1877 1820 1820 1876 1876 1820 1820 1877 1877 1821 1821 1878 1878 1821 1821 1877 1877 1821 1821 1878 1878 1822 1822 1879 1879 1822 1822 1878 1878 1822 1822 1879 1879 1823 1823 1880 1880 1823 1823 1879 1879 1823 1823 1880 1880 1824 1824 1881 1881 1824 1824 1880 1880 1824 1824 1881 1881 1825 1825 1882 1882 1825 1825 1881 1881 1825 1825 1882 1882 1826 1826 1883 1883 1826 1826 1882 1882 1826 1826 1883 1883 1827 1827 1884 1884 1827 1827 1883 1883 1827 1827 1884 1884 1828 1828 1885 1885 1828 1828 1884 1884 1828 1828 1885 1885 1829 1829 1886 1886 1829 1829 1885 1885 1829 1829 1886 1886 1830 1830 1887 1887 1830 1830 1886 1886 1830 1830 1887 1887 1831 1831 1888 1888 1831 1831 1887 1887 1831 1831 1888 1888 1832 1832 1889 1889 1832 1832 1888 1888 1832 1832 1889 1889 1833 1833 1890 1890 1833 1833 1889 1889 1833 1833 1890 1890 1834 1834 1891 1891 1834 1834 1890 1890 1834 1834 1891 1891 1835 1835 1892 1892 1835 1835 1891 1891 1835 1835 1892 1892 1836 1836 1893 1893 1836 1836 1892 1892 1836 1836 1893 1893 1837 1837 1894 1894 1837 1837 1893 1893 1837 1837 1894 1894 1838 1838 1895 1895 1838 1838 1894 1894 1838 1838 1895 1895 1839 1839 1896 1896 1839 1839 1895 1895 1839 1839 1896 1896 1840 1840 1897 1897 1840 1840 1896 1896 1840 1840 1897 1897 1841 1841 1898 1898 1841 1841 1897 1897 1841 1841 1898 1898 1842 1842 1843 1843 1842 1842 1898 1898 1898 1898 1401 1401 1843 1843 1400 1400 1843 1843 1401 1401 1843 1843 1400 1400 1844 1844 1416 1416 1844 1844 1400 1400 1844 1844 1416 1416 1845 1845 1415 1415 1845 1845 1416 1416 1845 1845 1415 1415 1846 1846 1414 1414 1846 1846 1415 1415 1846 1846 1414 1414 1847 1847 1412 1412 1847 1847 1414 1414 1847 1847 1412 1412 1848 1848 1411 1411 1848 1848 1412 1412 1848 1848 1411 1411 1849 1849 1408 1408 1849 1849 1411 1411 1849 1849 1408 1408 1850 1850 1407 1407 1850 1850 1408 1408 1850 1850 1407 1407 1851 1851 1422 1422 1851 1851 1407 1407 1851 1851 1422 1422 1852 1852 1424 1424 1852 1852 1422 1422 1852 1852 1424 1424 1853 1853 1427 1427 1853 1853 1424 1424 1853 1853 1427 1427 1854 1854 1426 1426 1854 1854 1427 1427 1854 1854 1426 1426 1855 1855 1425 1425 1855 1855 1426 1426 1855 1855 1425 1425 1856 1856 1420 1420 1856 1856 1425 1425 1856 1856 1420 1420 1857 1857 1418 1418 1857 1857 1420 1420 1857 1857 1418 1418 1858 1858 1417 1417 1858 1858 1418 1418 1858 1858 1417 1417 1859 1859 1428 1428 1859 1859 1417 1417 1859 1859 1428 1428 1860 1860 1430 1430 1860 1860 1428 1428 1860 1860 1430 1430 1861 1861 1431 1431 1861 1861 1430 1430 1861 1861 1431 1431 1862 1862 1433 1433 1862 1862 1431 1431 1862 1862 1433 1433 1863 1863 1434 1434 1863 1863 1433 1433 1863 1863 1434 1434 1864 1864 1436 1436 1864 1864 1434 1434 1864 1864 1436 1436 1865 1865 1442 1442 1865 1865 1436 1436 1865 1865 1442 1442 1866 1866 1441 1441 1866 1866 1442 1442 1866 1866 1441 1441 1867 1867 1440 1440 1867 1867 1441 1441 1867 1867 1440 1440 1868 1868 1438 1438 1868 1868 1440 1440 1868 1868 1438 1438 1869 1869 1437 1437 1869 1869 1438 1438 1869 1869 1437 1437 1870 1870 1364 1364 1870 1870 1437 1437 1870 1870 1364 1364 1871 1871 1363 1363 1871 1871 1364 1364 1871 1871 1363 1363 1872 1872 1373 1373 1872 1872 1363 1363 1872 1872 1373 1373 1873 1873 1372 1372 1873 1873 1373 1373 1873 1873 1372 1372 1874 1874 1376 1376 1874 1874 1372 1372 1874 1874 1376 1376 1875 1875 1375 1375 1875 1875 1376 1376 1875 1875 1375 1375 1876 1876 1379 1379 1876 1876 1375 1375 1876 1876 1379 1379 1877 1877 1378 1378 1877 1877 1379 1379 1877 1877 1378 1378 1878 1878 1386 1386 1878 1878 1378 1378 1878 1878 1386 1386 1879 1879 1385 1385 1879 1879 1386 1386 1879 1879 1385 1385 1880 1880 1384 1384 1880 1880 1385 1385 1880 1880 1384 1384 1881 1881 1380 1380 1881 1881 1384 1384 1881 1881 1380 1380 1882 1882 1382 1382 1882 1882 1380 1380 1882 1882 1382 1382 1883 1883 1383 1383 1883 1883 1382 1382 1883 1883 1383 1383 1884 1884 1368 1368 1884 1884 1383 1383 1884 1884 1368 1368 1885 1885 1367 1367 1885 1885 1368 1368 1885 1885 1367 1367 1886 1886 1396 1396 1886 1886 1367 1367 1886 1886 1396 1396 1887 1887 1395 1395 1887 1887 1396 1396 1887 1887 1395 1395 1888 1888 1399 1399 1888 1888 1395 1395 1888 1888 1399 1399 1889 1889 1398 1398 1889 1889 1399 1399 1889 1889 1398 1398 1890 1890 1397 1397 1890 1890 1398 1398 1890 1890 1397 1397 1891 1891 1388 1388 1891 1891 1397 1397 1891 1891 1388 1388 1892 1892 1387 1387 1892 1892 1388 1388 1892 1892 1387 1387 1893 1893 1391 1391 1893 1893 1387 1387 1893 1893 1391 1391 1894 1894 1393 1393 1894 1894 1391 1391 1894 1894 1393 1393 1895 1895 1406 1406 1895 1895 1393 1393 1895 1895 1406 1406 1896 1896 1405 1405 1896 1896 1406 1406 1896 1896 1405 1405 1897 1897 1404 1404 1897 1897 1405 1405 1897 1897 1404 1404 1898 1898 1401 1401 1898 1898 1404 1404 1537 1537 1539 1539 1899 1899 1547 1547 1549 1549 1900 1900 1559 1559 1561 1561 1901 1901 1569 1569 1571 1571 1902 1902 1581 1581 1583 1583 1903 1903 1591 1591 1593 1593 1904 1904 1603 1603 1605 1605 1905 1905 1613 1613 1615 1615 1906 1906 1449 1449 1451 1451 1907 1907 1459 1459 1461 1461 1908 1908 1471 1471 1473 1473 1909 1909 1481 1481 1483 1483 1910 1910 1493 1493 1495 1495 1911 1911 1503 1503 1505 1505 1912 1912 1515 1515 1517 1517 1913 1913 1525 1525 1527 1527 1914 1914 1359 1359 1358 1358 1915 1915 1325 1325 1324 1324 1916 1916 1359 1359 1915 1915 1917 1917 1918 1918 1919 1919 1920 1920 1921 1921 1920 1920 1919 1919 1920 1920 1921 1921 1922 1922 1923 1923 1922 1922 1921 1921 1922 1922 1923 1923 1924 1924 1925 1925 1924 1924 1923 1923 1924 1924 1925 1925 1926 1926 1914 1914 1926 1926 1925 1925 1927 1927 1928 1928 1929 1929 1930 1930 1929 1929 1928 1928 1929 1929 1930 1930 1931 1931 1932 1932 1931 1931 1930 1930 1931 1931 1932 1932 1933 1933 1934 1934 1933 1933 1932 1932 1933 1933 1934 1934 1935 1935 1913 1913 1935 1935 1934 1934 1936 1936 1937 1937 1938 1938 1939 1939 1938 1938 1937 1937 1938 1938 1939 1939 1940 1940 1941 1941 1940 1940 1939 1939 1940 1940 1941 1941 1942 1942 1943 1943 1942 1942 1941 1941 1942 1942 1943 1943 1944 1944 1912 1912 1944 1944 1943 1943 1945 1945 1946 1946 1947 1947 1948 1948 1947 1947 1946 1946 1947 1947 1948 1948 1949 1949 1950 1950 1949 1949 1948 1948 1949 1949 1950 1950 1951 1951 1952 1952 1951 1951 1950 1950 1951 1951 1952 1952 1953 1953 1911 1911 1953 1953 1952 1952 1954 1954 1955 1955 1956 1956 1957 1957 1956 1956 1955 1955 1956 1956 1957 1957 1958 1958 1959 1959 1958 1958 1957 1957 1958 1958 1959 1959 1960 1960 1961 1961 1960 1960 1959 1959 1960 1960 1961 1961 1962 1962 1910 1910 1962 1962 1961 1961 1963 1963 1964 1964 1965 1965 1966 1966 1965 1965 1964 1964 1965 1965 1966 1966 1967 1967 1968 1968 1967 1967 1966 1966 1967 1967 1968 1968 1969 1969 1970 1970 1969 1969 1968 1968 1969 1969 1970 1970 1971 1971 1909 1909 1971 1971 1970 1970 1972 1972 1973 1973 1974 1974 1975 1975 1974 1974 1973 1973 1974 1974 1975 1975 1976 1976 1977 1977 1976 1976 1975 1975 1976 1976 1977 1977 1978 1978 1979 1979 1978 1978 1977 1977 1978 1978 1979 1979 1980 1980 1908 1908 1980 1980 1979 1979 1981 1981 1982 1982 1983 1983 1984 1984 1983 1983 1982 1982 1983 1983 1984 1984 1985 1985 1986 1986 1985 1985 1984 1984 1985 1985 1986 1986 1987 1987 1988 1988 1987 1987 1986 1986 1987 1987 1988 1988 1989 1989 1907 1907 1989 1989 1988 1988 1990 1990 1991 1991 1992 1992 1993 1993 1992 1992 1991 1991 1992 1992 1993 1993 1994 1994 1995 1995 1994 1994 1993 1993 1994 1994 1995 1995 1996 1996 1997 1997 1996 1996 1995 1995 1996 1996 1997 1997 1998 1998 1906 1906 1998 1998 1997 1997 1999 1999 2000 2000 2001 2001 2002 2002 2001 2001 2000 2000 2001 2001 2002 2002 2003 2003 2004 2004 2003 2003 2002 2002 2003 2003 2004 2004 2005 2005 2006 2006 2005 2005 2004 2004 2005 2005 2006 2006 2007 2007 1905 1905 2007 2007 2006 2006 2008 2008 2009 2009 2010 2010 2011 2011 2010 2010 2009 2009 2010 2010 2011 2011 2012 2012 2013 2013 2012 2012 2011 2011 2012 2012 2013 2013 2014 2014 2015 2015 2014 2014 2013 2013 2014 2014 2015 2015 2016 2016 1904 1904 2016 2016 2015 2015 1916 1916 2017 2017 2018 2018 2019 2019 2018 2018 2017 2017 2018 2018 2019 2019 2020 2020 2021 2021 2020 2020 2019 2019 2020 2020 2021 2021 2022 2022 2023 2023 2022 2022 2021 2021 2022 2022 2023 2023 2024 2024 1903 1903 2024 2024 2023 2023 2025 2025 2026 2026 2027 2027 2028 2028 2027 2027 2026 2026 2027 2027 2028 2028 2029 2029 2030 2030 2029 2029 2028 2028 2029 2029 2030 2030 2031 2031 2032 2032 2031 2031 2030 2030 2031 2031 2032 2032 2033 2033 1902 1902 2033 2033 2032 2032 2034 2034 2035 2035 2036 2036 2037 2037 2036 2036 2035 2035 2036 2036 2037 2037 2038 2038 2039 2039 2038 2038 2037 2037 2038 2038 2039 2039 2040 2040 2041 2041 2040 2040 2039 2039 2040 2040 2041 2041 2042 2042 1901 1901 2042 2042 2041 2041 1358 1358 1357 1357 1915 1915 2043 2043 1915 1915 1357 1357 1915 1915 2043 2043 2044 2044 2045 2045 2044 2044 2043 2043 2044 2044 2045 2045 2046 2046 2047 2047 2046 2046 2045 2045 2046 2046 2047 2047 2048 2048 2049 2049 2048 2048 2047 2047 2048 2048 2049 2049 2050 2050 1900 1900 2050 2050 2049 2049 1355 1355 1354 1354 2051 2051 2052 2052 2051 2051 1354 1354 2051 2051 2052 2052 2053 2053 2054 2054 2053 2053 2052 2052 2053 2053 2054 2054 2055 2055 2056 2056 2055 2055 2054 2054 2055 2055 2056 2056 2057 2057 2058 2058 2057 2057 2056 2056 2057 2057 2058 2058 2059 2059 1899 1899 2059 2059 2058 2058 2060 2060 1918 1918 2061 2061 1920 1920 2061 2061 1918 1918 2061 2061 1920 1920 2062 2062 1922 1922 2062 2062 1920 1920 2062 2062 1922 1922 2063 2063 1924 1924 2063 2063 1922 1922 2063 2063 1924 1924 2064 2064 1926 1926 2064 2064 1924 1924 2064 2064 1926 1926 1533 1533 1531 1531 1533 1533 1926 1926 1914 1914 1527 1527 1926 1926 1529 1529 1926 1926 1527 1527 1926 1926 1529 1529 1531 1531 1523 1523 1525 1525 2065 2065 1914 1914 2065 2065 1525 1525 2065 2065 1914 1914 2066 2066 1925 1925 2066 2066 1914 1914 2066 2066 1925 1925 2067 2067 1923 1923 2067 2067 1925 1925 2067 2067 1923 1923 2068 2068 1921 1921 2068 2068 1923 1923 2068 2068 1921 1921 2069 2069 1919 1919 2069 2069 1921 1921 2069 2069 1927 1927 2068 2068 1929 1929 2068 2068 1927 1927 2068 2068 1929 1929 2067 2067 1931 1931 2067 2067 1929 1929 2067 2067 1931 1931 2066 2066 1933 1933 2066 2066 1931 1931 2066 2066 1933 1933 2065 2065 1935 1935 2065 2065 1933 1933 2065 2065 1935 1935 1523 1523 1521 1521 1523 1523 1935 1935 1913 1913 1517 1517 1935 1935 1519 1519 1935 1935 1517 1517 1935 1935 1519 1519 1521 1521 1513 1513 1515 1515 2070 2070 1913 1913 2070 2070 1515 1515 2070 2070 1913 1913 2071 2071 1934 1934 2071 2071 1913 1913 2071 2071 1934 1934 2072 2072 1932 1932 2072 2072 1934 1934 2072 2072 1932 1932 2073 2073 1930 1930 2073 2073 1932 1932 2073 2073 1930 1930 2074 2074 1928 1928 2074 2074 1930 1930 2074 2074 2075 2075 2073 2073 2076 2076 2073 2073 2075 2075 2073 2073 2076 2076 2072 2072 2077 2077 2072 2072 2076 2076 2072 2072 2077 2077 2071 2071 2078 2078 2071 2071 2077 2077 2071 2071 2078 2078 2070 2070 2079 2079 2070 2070 2078 2078 2070 2070 2079 2079 1513 1513 1511 1511 1513 1513 2079 2079 2075 2075 1936 1936 2076 2076 1938 1938 2076 2076 1936 1936 2076 2076 1938 1938 2077 2077 1940 1940 2077 2077 1938 1938 2077 2077 1940 1940 2078 2078 1942 1942 2078 2078 1940 1940 2078 2078 1942 1942 2079 2079 1944 1944 2079 2079 1942 1942 2079 2079 1944 1944 1511 1511 1509 1509 1511 1511 1944 1944 1912 1912 1505 1505 1944 1944 1507 1507 1944 1944 1505 1505 1944 1944 1507 1507 1509 1509 1501 1501 1503 1503 2080 2080 1912 1912 2080 2080 1503 1503 2080 2080 1912 1912 2081 2081 1943 1943 2081 2081 1912 1912 2081 2081 1943 1943 2082 2082 1941 1941 2082 2082 1943 1943 2082 2082 1941 1941 2083 2083 1939 1939 2083 2083 1941 1941 2083 2083 1939 1939 2084 2084 1937 1937 2084 2084 1939 1939 2084 2084 1945 1945 2083 2083 1947 1947 2083 2083 1945 1945 2083 2083 1947 1947 2082 2082 1949 1949 2082 2082 1947 1947 2082 2082 1949 1949 2081 2081 1951 1951 2081 2081 1949 1949 2081 2081 1951 1951 2080 2080 1953 1953 2080 2080 1951 1951 2080 2080 1953 1953 1501 1501 1499 1499 1501 1501 1953 1953 1911 1911 1495 1495 1953 1953 1497 1497 1953 1953 1495 1495 1953 1953 1497 1497 1499 1499 1491 1491 1493 1493 2085 2085 1911 1911 2085 2085 1493 1493 2085 2085 1911 1911 2086 2086 1952 1952 2086 2086 1911 1911 2086 2086 1952 1952 2087 2087 1950 1950 2087 2087 1952 1952 2087 2087 1950 1950 2088 2088 1948 1948 2088 2088 1950 1950 2088 2088 1948 1948 2089 2089 1946 1946 2089 2089 1948 1948 2089 2089 2090 2090 2088 2088 2091 2091 2088 2088 2090 2090 2088 2088 2091 2091 2087 2087 2092 2092 2087 2087 2091 2091 2087 2087 2092 2092 2086 2086 2093 2093 2086 2086 2092 2092 2086 2086 2093 2093 2085 2085 2094 2094 2085 2085 2093 2093 2085 2085 2094 2094 1491 1491 1489 1489 1491 1491 2094 2094 2090 2090 1954 1954 2091 2091 1956 1956 2091 2091 1954 1954 2091 2091 1956 1956 2092 2092 1958 1958 2092 2092 1956 1956 2092 2092 1958 1958 2093 2093 1960 1960 2093 2093 1958 1958 2093 2093 1960 1960 2094 2094 1962 1962 2094 2094 1960 1960 2094 2094 1962 1962 1489 1489 1487 1487 1489 1489 1962 1962 1910 1910 1483 1483 1962 1962 1485 1485 1962 1962 1483 1483 1962 1962 1485 1485 1487 1487 1479 1479 1481 1481 2095 2095 1910 1910 2095 2095 1481 1481 2095 2095 1910 1910 2096 2096 1961 1961 2096 2096 1910 1910 2096 2096 1961 1961 2097 2097 1959 1959 2097 2097 1961 1961 2097 2097 1959 1959 2098 2098 1957 1957 2098 2098 1959 1959 2098 2098 1957 1957 2099 2099 1955 1955 2099 2099 1957 1957 2099 2099 1963 1963 2098 2098 1965 1965 2098 2098 1963 1963 2098 2098 1965 1965 2097 2097 1967 1967 2097 2097 1965 1965 2097 2097 1967 1967 2096 2096 1969 1969 2096 2096 1967 1967 2096 2096 1969 1969 2095 2095 1971 1971 2095 2095 1969 1969 2095 2095 1971 1971 1479 1479 1477 1477 1479 1479 1971 1971 1909 1909 1473 1473 1971 1971 1475 1475 1971 1971 1473 1473 1971 1971 1475 1475 1477 1477 1469 1469 1471 1471 2100 2100 1909 1909 2100 2100 1471 1471 2100 2100 1909 1909 2101 2101 1970 1970 2101 2101 1909 1909 2101 2101 1970 1970 2102 2102 1968 1968 2102 2102 1970 1970 2102 2102 1968 1968 2103 2103 1966 1966 2103 2103 1968 1968 2103 2103 1966 1966 2104 2104 1964 1964 2104 2104 1966 1966 2104 2104 2105 2105 2103 2103 2106 2106 2103 2103 2105 2105 2103 2103 2106 2106 2102 2102 2107 2107 2102 2102 2106 2106 2102 2102 2107 2107 2101 2101 2108 2108 2101 2101 2107 2107 2101 2101 2108 2108 2100 2100 2109 2109 2100 2100 2108 2108 2100 2100 2109 2109 1469 1469 1467 1467 1469 1469 2109 2109 2105 2105 1972 1972 2106 2106 1974 1974 2106 2106 1972 1972 2106 2106 1974 1974 2107 2107 1976 1976 2107 2107 1974 1974 2107 2107 1976 1976 2108 2108 1978 1978 2108 2108 1976 1976 2108 2108 1978 1978 2109 2109 1980 1980 2109 2109 1978 1978 2109 2109 1980 1980 1467 1467 1465 1465 1467 1467 1980 1980 1908 1908 1461 1461 1980 1980 1463 1463 1980 1980 1461 1461 1980 1980 1463 1463 1465 1465 1457 1457 1459 1459 2110 2110 1908 1908 2110 2110 1459 1459 2110 2110 1908 1908 2111 2111 1979 1979 2111 2111 1908 1908 2111 2111 1979 1979 2112 2112 1977 1977 2112 2112 1979 1979 2112 2112 1977 1977 2113 2113 1975 1975 2113 2113 1977 1977 2113 2113 1975 1975 2114 2114 1973 1973 2114 2114 1975 1975 2114 2114 1981 1981 2113 2113 1983 1983 2113 2113 1981 1981 2113 2113 1983 1983 2112 2112 1985 1985 2112 2112 1983 1983 2112 2112 1985 1985 2111 2111 1987 1987 2111 2111 1985 1985 2111 2111 1987 1987 2110 2110 1989 1989 2110 2110 1987 1987 2110 2110 1989 1989 1457 1457 1455 1455 1457 1457 1989 1989 1907 1907 1451 1451 1989 1989 1453 1453 1989 1989 1451 1451 1989 1989 1453 1453 1455 1455 1447 1447 1449 1449 2115 2115 1907 1907 2115 2115 1449 1449 2115 2115 1907 1907 2116 2116 1988 1988 2116 2116 1907 1907 2116 2116 1988 1988 2117 2117 1986 1986 2117 2117 1988 1988 2117 2117 1986 1986 2118 2118 1984 1984 2118 2118 1986 1986 2118 2118 1984 1984 2119 2119 1982 1982 2119 2119 1984 1984 2119 2119 2120 2120 2118 2118 2121 2121 2118 2118 2120 2120 2118 2118 2121 2121 2117 2117 2122 2122 2117 2117 2121 2121 2117 2117 2122 2122 2116 2116 2123 2123 2116 2116 2122 2122 2116 2116 2123 2123 2115 2115 2124 2124 2115 2115 2123 2123 2115 2115 2124 2124 1447 1447 1445 1445 1447 1447 2124 2124 2120 2120 1990 1990 2121 2121 1992 1992 2121 2121 1990 1990 2121 2121 1992 1992 2122 2122 1994 1994 2122 2122 1992 1992 2122 2122 1994 1994 2123 2123 1996 1996 2123 2123 1994 1994 2123 2123 1996 1996 2124 2124 1998 1998 2124 2124 1996 1996 2124 2124 1998 1998 1445 1445 1443 1443 1445 1445 1998 1998 1906 1906 1615 1615 1998 1998 1617 1617 1998 1998 1615 1615 1998 1998 1617 1617 1443 1443 1611 1611 1613 1613 2125 2125 1906 1906 2125 2125 1613 1613 2125 2125 1906 1906 2126 2126 1997 1997 2126 2126 1906 1906 2126 2126 1997 1997 2127 2127 1995 1995 2127 2127 1997 1997 2127 2127 1995 1995 2128 2128 1993 1993 2128 2128 1995 1995 2128 2128 1993 1993 2129 2129 1991 1991 2129 2129 1993 1993 2129 2129 1999 1999 2128 2128 2001 2001 2128 2128 1999 1999 2128 2128 2001 2001 2127 2127 2003 2003 2127 2127 2001 2001 2127 2127 2003 2003 2126 2126 2005 2005 2126 2126 2003 2003 2126 2126 2005 2005 2125 2125 2007 2007 2125 2125 2005 2005 2125 2125 2007 2007 1611 1611 1609 1609 1611 1611 2007 2007 1905 1905 1605 1605 2007 2007 1607 1607 2007 2007 1605 1605 2007 2007 1607 1607 1609 1609 1601 1601 1603 1603 2130 2130 1905 1905 2130 2130 1603 1603 2130 2130 1905 1905 2131 2131 2006 2006 2131 2131 1905 1905 2131 2131 2006 2006 2132 2132 2004 2004 2132 2132 2006 2006 2132 2132 2004 2004 2133 2133 2002 2002 2133 2133 2004 2004 2133 2133 2002 2002 2134 2134 2000 2000 2134 2134 2002 2002 2134 2134 2135 2135 2133 2133 2136 2136 2133 2133 2135 2135 2133 2133 2136 2136 2132 2132 2137 2137 2132 2132 2136 2136 2132 2132 2137 2137 2131 2131 2138 2138 2131 2131 2137 2137 2131 2131 2138 2138 2130 2130 2139 2139 2130 2130 2138 2138 2130 2130 2139 2139 1601 1601 1599 1599 1601 1601 2139 2139 2135 2135 2008 2008 2136 2136 2010 2010 2136 2136 2008 2008 2136 2136 2010 2010 2137 2137 2012 2012 2137 2137 2010 2010 2137 2137 2012 2012 2138 2138 2014 2014 2138 2138 2012 2012 2138 2138 2014 2014 2139 2139 2016 2016 2139 2139 2014 2014 2139 2139 2016 2016 1599 1599 1597 1597 1599 1599 2016 2016 1904 1904 1593 1593 2016 2016 1595 1595 2016 2016 1593 1593 2016 2016 1595 1595 1597 1597 1589 1589 1591 1591 2140 2140 1904 1904 2140 2140 1591 1591 2140 2140 1904 1904 2141 2141 2015 2015 2141 2141 1904 1904 2141 2141 2015 2015 2142 2142 2013 2013 2142 2142 2015 2015 2142 2142 2013 2013 2143 2143 2011 2011 2143 2143 2013 2013 2143 2143 2011 2011 2144 2144 2009 2009 2144 2144 2011 2011 1587 1587 1589 1589 2024 2024 2140 2140 2024 2024 1589 1589 2024 2024 2140 2140 2022 2022 2141 2141 2022 2022 2140 2140 2022 2022 2141 2141 2020 2020 2142 2142 2020 2020 2141 2141 2020 2020 2142 2142 2018 2018 2143 2143 2018 2018 2142 2142 2018 2018 2143 2143 1916 1916 2144 2144 1916 1916 2143 2143 1916 1916 2144 2144 1325 1325 2009 2009 1325 1325 2144 2144 1325 1325 2009 2009 1326 1326 2008 2008 1326 1326 2009 2009 1326 1326 2008 2008 1327 1327 2135 2135 1327 1327 2008 2008 1327 1327 2135 2135 1339 1339 2134 2134 1339 1339 2135 2135 1339 1339 2134 2134 1340 1340 2000 2000 1340 1340 2134 2134 1340 1340 2000 2000 1328 1328 1999 1999 1328 1328 2000 2000 1328 1328 1999 1999 1329 1329 2129 2129 1329 1329 1999 1999 1329 1329 2129 2129 1330 1330 1991 1991 1330 1330 2129 2129 1330 1330 1991 1991 1341 1341 1990 1990 1341 1341 1991 1991 1341 1341 1990 1990 1342 1342 2120 2120 1342 1342 1990 1990 1342 1342 2120 2120 1303 1303 2119 2119 1303 1303 2120 2120 1303 1303 2119 2119 1304 1304 1982 1982 1304 1304 2119 2119 1304 1304 1982 1982 1316 1316 1981 1981 1316 1316 1982 1982 1316 1316 1981 1981 1317 1317 2114 2114 1317 1317 1981 1981 1317 1317 2114 2114 1318 1318 1973 1973 1318 1318 2114 2114 1318 1318 1973 1973 1314 1314 1972 1972 1314 1314 1973 1973 1314 1314 1972 1972 1315 1315 2105 2105 1315 1315 1972 1972 1315 1315 2105 2105 1308 1308 2104 2104 1308 1308 2105 2105 1308 1308 2104 2104 1310 1310 1964 1964 1310 1310 2104 2104 1310 1310 1964 1964 1312 1312 1963 1963 1312 1312 1964 1964 1312 1312 1963 1963 1349 1349 2099 2099 1349 1349 1963 1963 1349 1349 2099 2099 1350 1350 1955 1955 1350 1350 2099 2099 1350 1350 1955 1955 1352 1352 1954 1954 1352 1352 1955 1955 1352 1352 1954 1954 1353 1353 2090 2090 1353 1353 1954 1954 1353 1353 2090 2090 1360 1360 2089 2089 1360 1360 2090 2090 1360 1360 2089 2089 1361 1361 1946 1946 1361 1361 2089 2089 1361 1361 1946 1946 1362 1362 1945 1945 1362 1362 1946 1946 1362 1362 1945 1945 1347 1347 2084 2084 1347 1347 1945 1945 1347 1347 2084 2084 1348 1348 1937 1937 1348 1348 2084 2084 1348 1348 1937 1937 1335 1335 1936 1936 1335 1335 1937 1937 1335 1335 1936 1936 1337 1337 2075 2075 1337 1337 1936 1936 1337 1337 2075 2075 1338 1338 2074 2074 1338 1338 2075 2075 1338 1338 2074 2074 1332 1332 1928 1928 1332 1332 2074 2074 1332 1332 1928 1928 1333 1333 1927 1927 1333 1333 1928 1928 1333 1333 1927 1927 1320 1320 2069 2069 1320 1320 1927 1927 1320 1320 2069 2069 1322 1322 1919 1919 1322 1322 2069 2069 1322 1322 1919 1919 1323 1323 1918 1918 1323 1323 1919 1919 1323 1323 1918 1918 1343 1343 2060 2060 1343 1343 1918 1918 1343 1343 2060 2060 1344 1344 1903 1903 1583 1583 2024 2024 1585 1585 2024 2024 1583 1583 2024 2024 1585 1585 1587 1587 1579 1579 1581 1581 2145 2145 1903 1903 2145 2145 1581 1581 2145 2145 1903 1903 2146 2146 2023 2023 2146 2146 1903 1903 2146 2146 2023 2023 2147 2147 2021 2021 2147 2147 2023 2023 2147 2147 2021 2021 2148 2148 2019 2019 2148 2148 2021 2021 2148 2148 2019 2019 2149 2149 2017 2017 2149 2149 2019 2019 2149 2149 2150 2150 2148 2148 2151 2151 2148 2148 2150 2150 2148 2148 2151 2151 2147 2147 2152 2152 2147 2147 2151 2151 2147 2147 2152 2152 2146 2146 2153 2153 2146 2146 2152 2152 2146 2146 2153 2153 2145 2145 2154 2154 2145 2145 2153 2153 2145 2145 2154 2154 1579 1579 1577 1577 1579 1579 2154 2154 2150 2150 2025 2025 2151 2151 2027 2027 2151 2151 2025 2025 2151 2151 2027 2027 2152 2152 2029 2029 2152 2152 2027 2027 2152 2152 2029 2029 2153 2153 2031 2031 2153 2153 2029 2029 2153 2153 2031 2031 2154 2154 2033 2033 2154 2154 2031 2031 2154 2154 2033 2033 1577 1577 1575 1575 1577 1577 2033 2033 1902 1902 1571 1571 2033 2033 1573 1573 2033 2033 1571 1571 2033 2033 1573 1573 1575 1575 1567 1567 1569 1569 2155 2155 1902 1902 2155 2155 1569 1569 2155 2155 1902 1902 2156 2156 2032 2032 2156 2156 1902 1902 2156 2156 2032 2032 2157 2157 2030 2030 2157 2157 2032 2032 2157 2157 2030 2030 2158 2158 2028 2028 2158 2158 2030 2030 2158 2158 2028 2028 2159 2159 2026 2026 2159 2159 2028 2028 2159 2159 2034 2034 2158 2158 2036 2036 2158 2158 2034 2034 2158 2158 2036 2036 2157 2157 2038 2038 2157 2157 2036 2036 2157 2157 2038 2038 2156 2156 2040 2040 2156 2156 2038 2038 2156 2156 2040 2040 2155 2155 2042 2042 2155 2155 2040 2040 2155 2155 2042 2042 1567 1567 1565 1565 1567 1567 2042 2042 1901 1901 1561 1561 2042 2042 1563 1563 2042 2042 1561 1561 2042 2042 1563 1563 1565 1565 1557 1557 1559 1559 2160 2160 1901 1901 2160 2160 1559 1559 2160 2160 1901 1901 2161 2161 2041 2041 2161 2161 1901 1901 2161 2161 2041 2041 2162 2162 2039 2039 2162 2162 2041 2041 2162 2162 2039 2039 2163 2163 2037 2037 2163 2163 2039 2039 2163 2163 2037 2037 2164 2164 2035 2035 2164 2164 2037 2037 2164 2164 2165 2165 2163 2163 2166 2166 2163 2163 2165 2165 2163 2163 2166 2166 2162 2162 2167 2167 2162 2162 2166 2166 2162 2162 2167 2167 2161 2161 2168 2168 2161 2161 2167 2167 2161 2161 2168 2168 2160 2160 2169 2169 2160 2160 2168 2168 2160 2160 2169 2169 1557 1557 1555 1555 1557 1557 2169 2169 1324 1324 2170 2170 1916 1916 2171 2171 1916 1916 2170 2170 1916 1916 2171 2171 2017 2017 2172 2172 2017 2017 2171 2171 2017 2017 2172 2172 2149 2149 2173 2173 2149 2149 2172 2172 2149 2149 2173 2173 2150 2150 2174 2174 2150 2150 2173 2173 2150 2150 2174 2174 2025 2025 2175 2175 2025 2025 2174 2174 2025 2025 2175 2175 2026 2026 2176 2176 2026 2026 2175 2175 2026 2026 2176 2176 2159 2159 2177 2177 2159 2159 2176 2176 2159 2159 2177 2177 2034 2034 2178 2178 2034 2034 2177 2177 2034 2034 2178 2178 2035 2035 2179 2179 2035 2035 2178 2178 2035 2035 2179 2179 2164 2164 1917 1917 2164 2164 2179 2179 2164 2164 1917 1917 2165 2165 1915 1915 2165 2165 1917 1917 2165 2165 1915 1915 2166 2166 2044 2044 2166 2166 1915 1915 2166 2166 2044 2044 2167 2167 2046 2046 2167 2167 2044 2044 2167 2167 2046 2046 2168 2168 2048 2048 2168 2168 2046 2046 2168 2168 2048 2048 2169 2169 2050 2050 2169 2169 2048 2048 2169 2169 2050 2050 1555 1555 1553 1553 1555 1555 2050 2050 1900 1900 1549 1549 2050 2050 1551 1551 2050 2050 1549 1549 2050 2050 1551 1551 1553 1553 1545 1545 1547 1547 2180 2180 1900 1900 2180 2180 1547 1547 2180 2180 1900 1900 2181 2181 2049 2049 2181 2181 1900 1900 2181 2181 2049 2049 2182 2182 2047 2047 2182 2182 2049 2049 2182 2182 2047 2047 2183 2183 2045 2045 2183 2183 2047 2047 2183 2183 2045 2045 2184 2184 2043 2043 2184 2184 2045 2045 2184 2184 2043 2043 1356 1356 1357 1357 1356 1356 2043 2043 1356 1356 1355 1355 2184 2184 2051 2051 2184 2184 1355 1355 2184 2184 2051 2051 2183 2183 2053 2053 2183 2183 2051 2051 2183 2183 2053 2053 2182 2182 2055 2055 2182 2182 2053 2053 2182 2182 2055 2055 2181 2181 2057 2057 2181 2181 2055 2055 2181 2181 2057 2057 2180 2180 2059 2059 2180 2180 2057 2057 2180 2180 2059 2059 1545 1545 1543 1543 1545 1545 2059 2059 1899 1899 1539 1539 2059 2059 1541 1541 2059 2059 1539 1539 2059 2059 1541 1541 1543 1543 1535 1535 1537 1537 2185 2185 1899 1899 2185 2185 1537 1537 2185 2185 1899 1899 2186 2186 2058 2058 2186 2186 1899 1899 2186 2186 2058 2058 2187 2187 2056 2056 2187 2187 2058 2058 2187 2187 2056 2056 2188 2188 2054 2054 2188 2188 2056 2056 2188 2188 2054 2054 2189 2189 2052 2052 2189 2189 2054 2054 2189 2189 2052 2052 1345 1345 1354 1354 1345 1345 2052 2052 1345 1345 1344 1344 2189 2189 2060 2060 2189 2189 1344 1344 2189 2189 2060 2060 2188 2188 2061 2061 2188 2188 2060 2060 2188 2188 2061 2061 2187 2187 2062 2062 2187 2187 2061 2061 2187 2187 2062 2062 2186 2186 2063 2063 2186 2186 2062 2062 2186 2186 2063 2063 2185 2185 2064 2064 2185 2185 2063 2063 2185 2185 2064 2064 1535 1535 1533 1533 1535 1535 2064 2064 2190 2190 2191 2191 2192 2192 2193 2193 2194 2194 2191 2191 2195 2195 2191 2191 2194 2194 2191 2191 2195 2195 2196 2196 2196 2196 2197 2197 2191 2191 2198 2198 2191 2191 2197 2197 2191 2191 2198 2198 2192 2192 116 116 2199 2199 2200 2200 2200 2200 2201 2201 116 116 2202 2202 116 116 2201 2201 116 116 2202 2202 2193 2193 2203 2203 2193 2193 2202 2202 2193 2193 2203 2203 2194 2194 2204 2204 2205 2205 115 115 2206 2206 115 115 2205 2205 115 115 2206 2206 116 116 2207 2207 116 116 2206 2206 116 116 2207 2207 2199 2199 2204 2204 115 115 2208 2208 2209 2209 2208 2208 115 115 2208 2208 2209 2209 2210 2210 2192 2192 2211 2211 2190 2190 2212 2212 2190 2190 2211 2211 2190 2190 2212 2212 2213 2213 2214 2214 2213 2213 2212 2212 2213 2213 2214 2214 2215 2215 2216 2216 2215 2215 2214 2214 2215 2215 2216 2216 2217 2217 2218 2218 2217 2217 2216 2216 2217 2217 2218 2218 2219 2219 2220 2220 2219 2219 2218 2218 2219 2219 2220 2220 2221 2221 2222 2222 2221 2221 2220 2220 2221 2221 2222 2222 2223 2223 2224 2224 2223 2223 2222 2222 2223 2223 2224 2224 2225 2225 2226 2226 2225 2225 2224 2224 2225 2225 2226 2226 2227 2227 2228 2228 2227 2227 2226 2226 2227 2227 2228 2228 2229 2229 2230 2230 2229 2229 2228 2228 2229 2229 2230 2230 2231 2231 2232 2232 2231 2231 2230 2230 2231 2231 2232 2232 2233 2233 2234 2234 2233 2233 2232 2232 2233 2233 2234 2234 2235 2235 2236 2236 2235 2235 2234 2234 2235 2235 2236 2236 2237 2237 2238 2238 2237 2237 2236 2236 2237 2237 2238 2238 2239 2239 2240 2240 2239 2239 2238 2238 2239 2239 2240 2240 2241 2241 2242 2242 2241 2241 2240 2240 2241 2241 2242 2242 2243 2243 2244 2244 2243 2243 2242 2242 2243 2243 2244 2244 2245 2245 2246 2246 2245 2245 2244 2244 2245 2245 2246 2246 2247 2247 2248 2248 2247 2247 2246 2246 2247 2247 2248 2248 2249 2249 2250 2250 2249 2249 2248 2248 2249 2249 2250 2250 2210 2210 2251 2251 2210 2210 2250 2250 2210 2210 2251 2251 2208 2208 2252 2252 2253 2253 141 141 2254 2254 2255 2255 142 142 141 141 142 142 2255 2255 2256 2256 2257 2257 2252 2252 2258 2258 141 141 2259 2259 2255 2255 2259 2259 141 141 2259 2259 2255 2255 2260 2260 2261 2261 2260 2260 2255 2255 2262 2262 2263 2263 2252 2252 2264 2264 2252 2252 2263 2263 2264 2264 2265 2265 2252 2252 2266 2266 2252 2252 2265 2265 2252 2252 2266 2266 2256 2256 2257 2257 2267 2267 2252 2252 2268 2268 2252 2252 2267 2267 2252 2252 2268 2268 2269 2269 2258 2258 2270 2270 141 141 2271 2271 141 141 2270 2270 141 141 2271 2271 2252 2252 2272 2272 2252 2252 2271 2271 2252 2252 2272 2272 2262 2262 2273 2273 2274 2274 2260 2260 2275 2275 2260 2260 2274 2274 2275 2275 2276 2276 2260 2260 2277 2277 2260 2260 2276 2276 2260 2260 2277 2277 2259 2259 165 165 2278 2278 164 164 2279 2279 164 164 2278 2278 50 50 52 52 2280 2280 50 50 2280 2280 2281 2281 2282 2282 2281 2281 2280 2280 2281 2281 2282 2282 2283 2283 2284 2284 2283 2283 2282 2282 2283 2283 2284 2284 2285 2285 2286 2286 2285 2285 2284 2284 2285 2285 2286 2286 2287 2287 2288 2288 2287 2287 2286 2286 2287 2287 2288 2288 2289 2289 2193 2193 2289 2289 2288 2288 2289 2289 2193 2193 2191 2191 2255 2255 2254 2254 2290 2290 2291 2291 2290 2290 2254 2254 2290 2290 2291 2291 2292 2292 2293 2293 2292 2292 2291 2291 2292 2292 2293 2293 2294 2294 2295 2295 2294 2294 2293 2293 2294 2294 2295 2295 2296 2296 2297 2297 2296 2296 2295 2295 2296 2296 2297 2297 2298 2298 2299 2299 2298 2298 2297 2297 2298 2298 2299 2299 35 35 32 32 35 35 2299 2299 2300 2300 2301 2301 2302 2302 2303 2303 2302 2302 2301 2301 2302 2302 2303 2303 2304 2304 2304 2304 2305 2305 2302 2302 2306 2306 2302 2302 2305 2305 2302 2302 2306 2306 2307 2307 2279 2279 2278 2278 2308 2308 2309 2309 2308 2308 2278 2278 2308 2308 2309 2309 2310 2310 2311 2311 2310 2310 2309 2309 2310 2310 2311 2311 2312 2312 2313 2313 2312 2312 2311 2311 2312 2312 2313 2313 2314 2314 2315 2315 2314 2314 2313 2313 2314 2314 2315 2315 2316 2316 2317 2317 2316 2316 2315 2315 2316 2316 2317 2317 26 26 27 27 26 26 2317 2317 51 51 49 49 2318 2318 51 51 2318 2318 2319 2319 2320 2320 2319 2319 2318 2318 2319 2319 2320 2320 2321 2321 2322 2322 2321 2321 2320 2320 2321 2321 2322 2322 2323 2323 2324 2324 2323 2323 2322 2322 2323 2323 2324 2324 2325 2325 2326 2326 2325 2325 2324 2324 2325 2325 2326 2326 2327 2327 2328 2328 2327 2327 2326 2326 2327 2327 2328 2328 2329 2329 2330 2330 2329 2329 2328 2328 2329 2329 2330 2330 2331 2331 2332 2332 2331 2331 2330 2330 2331 2331 2332 2332 2333 2333 2334 2334 2333 2333 2332 2332 2333 2333 2334 2334 2335 2335 2336 2336 2335 2335 2334 2334 2335 2335 2336 2336 2337 2337 2338 2338 2337 2337 2336 2336 2337 2337 2338 2338 2339 2339 2340 2340 2339 2339 2338 2338 2339 2339 2340 2340 2341 2341 2342 2342 2341 2341 2340 2340 2341 2341 2342 2342 2343 2343 2344 2344 2343 2343 2342 2342 2343 2343 2344 2344 2345 2345 2346 2346 2345 2345 2344 2344 2345 2345 2346 2346 2347 2347 2348 2348 2347 2347 2346 2346 2347 2347 2348 2348 2349 2349 2350 2350 2349 2349 2348 2348 2349 2349 2350 2350 2351 2351 2352 2352 2351 2351 2350 2350 2351 2351 2352 2352 2353 2353 99 99 2353 2353 2352 2352 2353 2353 99 99 100 100 72 72 71 71 2354 2354 72 72 2354 2354 2355 2355 2356 2356 2355 2355 2354 2354 2355 2355 2356 2356 2357 2357 2358 2358 2357 2357 2356 2356 2357 2357 2358 2358 2359 2359 2360 2360 2359 2359 2358 2358 2359 2359 2360 2360 2361 2361 2362 2362 2361 2361 2360 2360 2361 2361 2362 2362 2363 2363 79 79 2363 2363 2362 2362 2363 2363 79 79 77 77 25 25 23 23 2364 2364 25 25 2364 2364 2365 2365 2366 2366 2365 2365 2364 2364 2365 2365 2366 2366 2367 2367 2368 2368 2367 2367 2366 2366 2367 2367 2368 2368 2369 2369 2370 2370 2369 2369 2368 2368 2369 2369 2370 2370 2371 2371 2372 2372 2371 2371 2370 2370 2371 2371 2372 2372 2373 2373 30 30 2373 2373 2372 2372 2373 2373 30 30 29 29 2374 2374 2375 2375 2376 2376 2377 2377 2378 2378 2379 2379 2380 2380 2379 2379 2378 2378 2379 2379 2380 2380 2381 2381 2382 2382 2381 2381 2380 2380 2374 2374 2376 2376 2383 2383 2384 2384 2385 2385 2386 2386 2387 2387 2386 2386 2385 2385 2386 2386 2387 2387 2388 2388 2388 2388 2389 2389 2386 2386 2390 2390 2386 2386 2389 2389 2386 2386 2390 2390 2391 2391 2391 2391 2392 2392 2386 2386 2393 2393 2386 2386 2392 2392 2386 2386 2393 2393 2394 2394 2395 2395 2396 2396 2397 2397 2386 2386 2397 2397 2396 2396 2397 2397 2386 2386 2398 2398 2399 2399 2398 2398 2386 2386 2377 2377 2400 2400 2378 2378 2401 2401 2378 2378 2400 2400 2378 2378 2401 2401 2402 2402 2399 2399 2386 2386 2403 2403 2394 2394 2403 2403 2386 2386 2403 2403 2394 2394 2374 2374 2404 2404 2374 2374 2394 2394 2374 2374 2404 2404 2375 2375 2380 2380 2405 2405 2382 2382 2406 2406 2382 2382 2405 2405 2382 2382 2406 2406 2407 2407 2402 2402 2408 2408 2378 2378 2409 2409 2378 2378 2408 2408 2378 2378 2409 2409 2410 2410 2411 2411 2412 2412 2413 2413 2395 2395 2414 2414 2396 2396 2415 2415 2396 2396 2414 2414 2396 2396 2415 2415 2416 2416 2417 2417 2416 2416 2415 2415 2416 2416 2417 2417 2418 2418 2407 2407 2418 2418 2417 2417 2418 2418 2407 2407 2419 2419 2406 2406 2419 2419 2407 2407 2409 2409 2420 2420 2410 2410 2411 2411 2410 2410 2420 2420 2410 2410 2411 2411 2421 2421 2413 2413 2421 2421 2411 2411 2376 2376 2422 2422 2383 2383 2423 2423 2383 2383 2422 2422 2383 2383 2423 2423 2424 2424 2425 2425 2424 2424 2423 2423 2424 2424 2425 2425 2412 2412 2426 2426 2412 2412 2425 2425 2412 2412 2426 2426 2413 2413 2427 2427 2428 2428 2429 2429 2430 2430 2378 2378 2431 2431 2432 2432 2431 2431 2378 2378 2430 2430 2433 2433 2378 2378 2434 2434 2378 2378 2433 2433 2378 2378 2434 2434 2435 2435 2436 2436 2437 2437 2438 2438 2439 2439 2438 2438 2437 2437 2438 2438 2439 2439 2440 2440 2441 2441 2442 2442 2384 2384 2443 2443 2384 2384 2442 2442 2384 2384 2443 2443 2385 2385 2444 2444 2445 2445 2446 2446 2446 2446 2445 2445 2447 2447 2448 2448 2447 2447 2445 2445 2447 2447 2448 2448 2449 2449 2449 2449 2448 2448 2450 2450 2451 2451 2450 2450 2448 2448 2450 2450 2451 2451 2410 2410 2452 2452 2410 2410 2451 2451 2410 2410 2452 2452 2378 2378 2453 2453 2378 2378 2452 2452 2378 2378 2453 2453 2432 2432 2428 2428 2454 2454 2429 2429 2455 2455 2429 2429 2454 2454 2429 2429 2455 2455 2438 2438 2456 2456 2438 2438 2455 2455 2438 2438 2456 2456 2436 2436 2429 2429 2457 2457 2427 2427 2458 2458 2427 2427 2457 2457 2427 2427 2458 2458 2459 2459 2446 2446 2460 2460 2444 2444 2461 2461 2444 2444 2460 2460 2444 2444 2461 2461 2440 2440 2462 2462 2440 2440 2461 2461 2438 2438 2463 2463 2464 2464 2434 2434 2465 2465 2435 2435 2466 2466 2435 2435 2465 2465 2435 2435 2466 2466 2467 2467 2468 2468 2467 2467 2466 2466 2467 2467 2468 2468 2469 2469 2459 2459 2469 2469 2468 2468 2469 2469 2459 2459 2470 2470 2458 2458 2470 2470 2459 2459 2464 2464 2471 2471 2438 2438 2472 2472 2438 2438 2471 2471 2438 2438 2472 2472 2473 2473 2473 2473 2474 2474 2438 2438 2475 2475 2438 2438 2474 2474 2438 2438 2475 2475 2384 2384 2476 2476 2384 2384 2475 2475 2384 2384 2476 2476 2441 2441 2462 2462 2477 2477 2440 2440 2478 2478 2440 2440 2477 2477 2440 2440 2478 2478 2438 2438 2479 2479 2438 2438 2478 2478 2438 2438 2479 2479 2463 2463 2480 2480 2481 2481 2482 2482 2483 2483 2484 2484 2384 2384 2482 2482 2481 2481 2384 2384 2485 2485 2384 2384 2481 2481 2384 2384 2485 2485 2483 2483 2486 2486 2487 2487 2438 2438 2488 2488 2438 2438 2487 2487 2489 2489 2490 2490 2491 2491 2492 2492 2491 2491 2490 2490 2491 2491 2492 2492 2482 2482 2493 2493 2482 2482 2492 2492 2482 2482 2493 2493 2494 2494 2488 2488 2495 2495 2438 2438 2496 2496 2438 2438 2495 2495 2438 2438 2496 2496 2497 2497 2494 2494 2498 2498 2482 2482 2499 2499 2482 2482 2498 2498 2482 2482 2499 2499 2480 2480 2484 2484 2500 2500 2384 2384 2501 2501 2384 2384 2500 2500 2384 2384 2501 2501 2438 2438 2502 2502 2438 2438 2501 2501 2438 2438 2502 2502 2486 2486 2491 2491 2503 2503 2489 2489 2504 2504 2489 2489 2503 2503 2489 2489 2504 2504 2505 2505 2496 2496 2506 2506 2497 2497 2507 2507 2497 2497 2506 2506 2497 2497 2507 2507 2508 2508 2509 2509 2508 2508 2507 2507 2508 2508 2509 2509 2510 2510 2505 2505 2510 2510 2509 2509 2510 2510 2505 2505 2511 2511 2504 2504 2511 2511 2505 2505 2512 2512 2513 2513 2386 2386 2514 2514 2386 2386 2513 2513 2515 2515 2516 2516 2384 2384 2517 2517 2482 2482 2518 2518 2519 2519 2520 2520 2521 2521 2522 2522 2521 2521 2520 2520 2521 2521 2522 2522 2386 2386 2523 2523 2386 2386 2522 2522 2386 2386 2523 2523 2512 2512 2514 2514 2524 2524 2386 2386 2525 2525 2386 2386 2524 2524 2386 2386 2525 2525 2384 2384 2526 2526 2384 2384 2525 2525 2384 2384 2526 2526 2515 2515 2518 2518 2527 2527 2517 2517 2528 2528 2517 2517 2527 2527 2517 2517 2528 2528 2529 2529 2530 2530 2529 2529 2528 2528 2529 2529 2530 2530 2531 2531 2532 2532 2531 2531 2530 2530 2521 2521 2533 2533 2519 2519 2534 2534 2519 2519 2533 2533 2519 2519 2534 2534 2532 2532 2535 2535 2532 2532 2534 2534 2532 2532 2535 2535 2531 2531 2536 2536 2537 2537 2482 2482 2516 2516 2538 2538 2384 2384 2539 2539 2384 2384 2538 2538 2384 2384 2539 2539 2482 2482 2540 2540 2482 2482 2539 2539 2482 2482 2540 2540 2536 2536 2537 2537 2541 2541 2482 2482 2542 2542 2482 2482 2541 2541 2482 2482 2542 2542 2518 2518 2543 2543 2544 2544 2545 2545 2546 2546 2545 2545 2544 2544 2545 2545 2546 2546 2547 2547 2548 2548 2549 2549 2550 2550 2551 2551 2550 2550 2549 2549 2550 2550 2551 2551 2552 2552 2553 2553 2554 2554 2555 2555 2556 2556 2555 2555 2554 2554 2555 2555 2556 2556 2557 2557 2558 2558 2559 2559 2560 2560 2561 2561 2560 2560 2559 2559 2560 2560 2561 2561 2562 2562 2562 2562 2561 2561 2563 2563 2562 2562 2563 2563 2564 2564 2565 2565 2564 2564 2563 2563 2564 2564 2565 2565 2566 2566 2567 2567 2566 2566 2565 2565 2566 2566 2567 2567 2568 2568 2569 2569 2568 2568 2567 2567 2568 2568 2569 2569 2570 2570 2571 2571 2570 2570 2569 2569 2570 2570 2571 2571 2572 2572 2544 2544 2572 2572 2571 2571 2572 2572 2544 2544 2543 2543 2557 2557 2556 2556 2573 2573 2557 2557 2573 2573 2574 2574 2575 2575 2574 2574 2573 2573 2574 2574 2575 2575 2576 2576 2577 2577 2576 2576 2575 2575 2576 2576 2577 2577 2578 2578 2579 2579 2578 2578 2577 2577 2578 2578 2579 2579 2580 2580 2581 2581 2580 2580 2579 2579 2580 2580 2581 2581 2582 2582 2559 2559 2582 2582 2581 2581 2582 2582 2559 2559 2558 2558 2547 2547 2546 2546 2583 2583 2547 2547 2583 2583 2584 2584 2585 2585 2584 2584 2583 2583 2584 2584 2585 2585 2586 2586 2587 2587 2586 2586 2585 2585 2586 2586 2587 2587 2588 2588 2589 2589 2588 2588 2587 2587 2588 2588 2589 2589 2590 2590 2591 2591 2590 2590 2589 2589 2590 2590 2591 2591 2592 2592 2549 2549 2592 2592 2591 2591 2592 2592 2549 2549 2548 2548 2552 2552 2551 2551 2593 2593 2552 2552 2593 2593 2594 2594 2595 2595 2594 2594 2593 2593 2594 2594 2595 2595 2596 2596 2597 2597 2596 2596 2595 2595 2596 2596 2597 2597 2598 2598 2599 2599 2598 2598 2597 2597 2598 2598 2599 2599 2600 2600 2601 2601 2600 2600 2599 2599 2600 2600 2601 2601 2602 2602 2554 2554 2602 2602 2601 2601 2602 2602 2554 2554 2553 2553 2603 2603 2604 2604 2605 2605 2606 2606 2605 2605 2604 2604 2605 2605 2606 2606 2607 2607 2608 2608 2607 2607 2606 2606 2607 2607 2608 2608 2609 2609 2610 2610 2609 2609 2608 2608 2609 2609 2610 2610 2611 2611 2612 2612 2611 2611 2610 2610 2611 2611 2612 2612 2613 2613 2614 2614 2613 2613 2612 2612 2613 2613 2614 2614 2615 2615 2616 2616 2615 2615 2614 2614 2615 2615 2616 2616 2617 2617 2618 2618 2617 2617 2616 2616 2617 2617 2618 2618 2619 2619 2620 2620 2619 2619 2618 2618 2619 2619 2620 2620 2621 2621 2622 2622 2621 2621 2620 2620 2621 2621 2622 2622 2623 2623 2624 2624 2623 2623 2622 2622 2623 2623 2624 2624 2625 2625 2626 2626 2625 2625 2624 2624 2625 2625 2626 2626 2627 2627 2628 2628 2627 2627 2626 2626 2627 2627 2628 2628 2629 2629 2630 2630 2629 2629 2628 2628 2629 2629 2630 2630 2631 2631 2632 2632 2631 2631 2630 2630 2631 2631 2632 2632 2633 2633 2634 2634 2633 2633 2632 2632 2633 2633 2634 2634 2635 2635 2636 2636 2635 2635 2634 2634 2635 2635 2636 2636 2637 2637 2638 2638 2637 2637 2636 2636 2637 2637 2638 2638 2639 2639 2640 2640 2639 2639 2638 2638 2639 2639 2640 2640 2641 2641 2642 2642 2641 2641 2640 2640 2641 2641 2642 2642 2643 2643 2644 2644 2643 2643 2642 2642 2643 2643 2644 2644 2645 2645 2646 2646 2645 2645 2644 2644 2645 2645 2646 2646 2647 2647 2648 2648 2647 2647 2646 2646 2647 2647 2648 2648 2649 2649 2650 2650 2649 2649 2648 2648 2649 2649 2650 2650 2603 2603 2604 2604 2603 2603 2650 2650 2651 2651 2652 2652 2653 2653 2654 2654 2653 2653 2652 2652 2653 2653 2654 2654 2655 2655 2656 2656 2655 2655 2654 2654 2655 2655 2656 2656 2657 2657 2658 2658 2657 2657 2656 2656 2657 2657 2658 2658 2659 2659 2660 2660 2659 2659 2658 2658 2659 2659 2660 2660 2661 2661 2662 2662 2661 2661 2660 2660 2661 2661 2662 2662 2663 2663 2664 2664 2663 2663 2662 2662 2663 2663 2664 2664 2665 2665 2666 2666 2665 2665 2664 2664 2665 2665 2666 2666 2667 2667 2668 2668 2667 2667 2666 2666 2667 2667 2668 2668 2669 2669 2670 2670 2669 2669 2668 2668 2669 2669 2670 2670 2671 2671 2672 2672 2671 2671 2670 2670 2671 2671 2672 2672 2673 2673 2674 2674 2673 2673 2672 2672 2673 2673 2674 2674 2675 2675 2676 2676 2675 2675 2674 2674 2675 2675 2676 2676 2677 2677 2678 2678 2677 2677 2676 2676 2677 2677 2678 2678 2679 2679 2680 2680 2679 2679 2678 2678 2679 2679 2680 2680 2681 2681 2682 2682 2681 2681 2680 2680 2681 2681 2682 2682 2683 2683 2684 2684 2683 2683 2682 2682 2683 2683 2684 2684 2685 2685 2686 2686 2685 2685 2684 2684 2685 2685 2686 2686 2687 2687 2688 2688 2687 2687 2686 2686 2687 2687 2688 2688 2689 2689 2690 2690 2689 2689 2688 2688 2689 2689 2690 2690 2691 2691 2692 2692 2691 2691 2690 2690 2691 2691 2692 2692 2693 2693 2694 2694 2693 2693 2692 2692 2693 2693 2694 2694 2695 2695 2696 2696 2695 2695 2694 2694 2695 2695 2696 2696 2697 2697 2698 2698 2697 2697 2696 2696 2697 2697 2698 2698 2651 2651 2652 2652 2651 2651 2698 2698 2699 2699 2700 2700 2701 2701 2702 2702 2701 2701 2700 2700 2701 2701 2702 2702 2703 2703 2704 2704 2703 2703 2702 2702 2703 2703 2704 2704 2705 2705 2706 2706 2705 2705 2704 2704 2705 2705 2706 2706 2707 2707 2708 2708 2707 2707 2706 2706 2707 2707 2708 2708 2709 2709 2710 2710 2709 2709 2708 2708 2709 2709 2710 2710 2711 2711 2712 2712 2711 2711 2710 2710 2711 2711 2712 2712 2713 2713 2714 2714 2713 2713 2712 2712 2713 2713 2714 2714 2715 2715 2716 2716 2715 2715 2714 2714 2715 2715 2716 2716 2717 2717 2718 2718 2717 2717 2716 2716 2717 2717 2718 2718 2719 2719 2720 2720 2719 2719 2718 2718 2719 2719 2720 2720 2721 2721 2722 2722 2721 2721 2720 2720 2721 2721 2722 2722 2723 2723 2724 2724 2723 2723 2722 2722 2723 2723 2724 2724 2725 2725 2726 2726 2725 2725 2724 2724 2725 2725 2726 2726 2727 2727 2728 2728 2727 2727 2726 2726 2727 2727 2728 2728 2729 2729 2730 2730 2729 2729 2728 2728 2729 2729 2730 2730 2731 2731 2732 2732 2731 2731 2730 2730 2731 2731 2732 2732 2733 2733 2734 2734 2733 2733 2732 2732 2733 2733 2734 2734 2735 2735 2736 2736 2735 2735 2734 2734 2735 2735 2736 2736 2737 2737 2738 2738 2737 2737 2736 2736 2737 2737 2738 2738 2739 2739 2740 2740 2739 2739 2738 2738 2739 2739 2740 2740 2741 2741 2742 2742 2741 2741 2740 2740 2741 2741 2742 2742 2743 2743 2744 2744 2743 2743 2742 2742 2743 2743 2744 2744 2745 2745 2746 2746 2745 2745 2744 2744 2745 2745 2746 2746 2699 2699 2700 2700 2699 2699 2746 2746 2747 2747 2748 2748 2749 2749 2750 2750 2749 2749 2748 2748 2749 2749 2750 2750 2751 2751 2752 2752 2751 2751 2750 2750 2751 2751 2752 2752 2753 2753 2754 2754 2753 2753 2752 2752 2753 2753 2754 2754 2755 2755 2756 2756 2755 2755 2754 2754 2755 2755 2756 2756 2757 2757 2758 2758 2757 2757 2756 2756 2757 2757 2758 2758 2759 2759 2760 2760 2759 2759 2758 2758 2759 2759 2760 2760 2761 2761 2762 2762 2761 2761 2760 2760 2761 2761 2762 2762 2763 2763 2764 2764 2763 2763 2762 2762 2763 2763 2764 2764 2765 2765 2766 2766 2765 2765 2764 2764 2765 2765 2766 2766 2767 2767 2768 2768 2767 2767 2766 2766 2767 2767 2768 2768 2769 2769 2770 2770 2769 2769 2768 2768 2769 2769 2770 2770 2771 2771 2772 2772 2771 2771 2770 2770 2771 2771 2772 2772 2773 2773 2774 2774 2773 2773 2772 2772 2773 2773 2774 2774 2775 2775 2776 2776 2775 2775 2774 2774 2775 2775 2776 2776 2777 2777 2778 2778 2777 2777 2776 2776 2777 2777 2778 2778 2779 2779 2780 2780 2779 2779 2778 2778 2779 2779 2780 2780 2781 2781 2782 2782 2781 2781 2780 2780 2781 2781 2782 2782 2783 2783 2784 2784 2783 2783 2782 2782 2783 2783 2784 2784 2785 2785 2786 2786 2785 2785 2784 2784 2785 2785 2786 2786 2787 2787 2788 2788 2787 2787 2786 2786 2787 2787 2788 2788 2789 2789 2790 2790 2789 2789 2788 2788 2789 2789 2790 2790 2791 2791 2792 2792 2791 2791 2790 2790 2791 2791 2792 2792 2793 2793 2794 2794 2793 2793 2792 2792 2793 2793 2794 2794 2747 2747 2748 2748 2747 2747 2794 2794 22 22 24 24 2795 2795 22 22 2795 2795 2796 2796 2797 2797 2796 2796 2795 2795 2796 2796 2797 2797 2798 2798 2799 2799 2798 2798 2797 2797 2798 2798 2799 2799 2800 2800 2801 2801 2800 2800 2799 2799 2800 2800 2801 2801 2802 2802 18 18 2802 2802 2801 2801 2802 2802 18 18 17 17 70 70 69 69 2803 2803 70 70 2803 2803 2804 2804 2805 2805 2804 2804 2803 2803 2804 2804 2805 2805 2806 2806 2807 2807 2806 2806 2805 2805 2806 2806 2807 2807 2808 2808 2809 2809 2808 2808 2807 2807 2808 2808 2809 2809 2810 2810 76 76 2810 2810 2809 2809 2810 2810 76 76 78 78</p>
        </triangles>
      </mesh>
    </geometry>
  </library_geometries>
  <library_materials>
    <material id="0e231f0c425849b2ba2c1d15b78a3f33" name="defaultmaterial">
      <instance_effect url="#14d769337eb1489d9fb6b033e8625e4b"/>
    </material>
  </library_materials>
  <library_visual_scenes>
    <visual_scene id="scene">
      <node id="node0" name="node0">
        <instance_geometry url="#a448ea525ea246598abe2c766465536e">
          <bind_material>
            <technique_common>
              <instance_material symbol="material0" target="#0e231f0c425849b2ba2c1d15b78a3f33"/>
            </technique_common>
          </bind_material>
        </instance_geometry>
      </node>
    </visual_scene>
  </library_visual_scenes>
  <scene>
    <instance_visual_scene url="#scene"/>
  </scene>
</COLLADA>
